,DRÜCK MICH!,,,,,,,,,,,,,,,,
Einwohnerzahl,Kommune,"Homepage 
Kommune",PLZ,Sublevel Wasserwerk / Stadtteile,"Sublevel
Straßennetz
(falls angegeben)","bei Dopplung 
Datenhalter jeweils
eintragen",Details,"Daten-Link
Wasserdaten",Natrium,Kalium,Calcium,Magnesium,Chlorid,Nitrat,Sulfat,"Härte
Wert","Härte
Bereich"
313.174,Mannheim,http://www.mannheim.de/,,Käfertal,,,,"https://www.mvv-energie.de/media/media/downloads/privatkunden/wasseranalysen/trinkwasseranalyse_wwkae.pdf
https://www.mvv-energie.de/de/privatkunden/wasser/wasserqualitaet/wasserqualitaet_1.jsp","13,3",,113,"13,9","19,6","1,3","60,4",19,"hart 3,4"
313.174,Mannheim,http://www.mannheim.de/,68159,Rheinau,,,,"https://www.mvv-energie.de/media/media/downloads/privatkunden/wasseranalysen/trinkwasseranalyse_wwrh.pdf
https://www.mvv-energie.de/de/privatkunden/wasser/wasserqualitaet/wasserqualitaet_1.jsp","33,1",,105,"20,6","42,5","20,8","84,3","19,4","hart 3,47"
313.174,Mannheim,http://www.mannheim.de/,68159,Schwetzinger Hardt,,,,"https://www.mvv-energie.de/media/media/downloads/privatkunden/wasseranalysen/trinkwasseranalyse_wwsh.pdf
https://www.mvv-energie.de/de/privatkunden/wasser/wasserqualitaet/wasserqualitaet_1.jsp","7,74",,101,"17,2","13,4","1,1","45,5","18,1","hart 3,24"
164.351,Ludwigshafen,http://www.ludwigshafen.de/,67059,"Hemshof, Mitte, West, Süd, Gartenstadt, Mundenheim, Rheingönheim, Altrip",,,Wasserwerk I PARKINSEL,Trinkwasseranalyse,"37,6","2,6","92,3","12,8","35,2","1,6","11,7","15,8","hart 2,83"
164.351,Ludwigshafen,http://www.ludwigshafen.de/,67059,"Pfingstweide, Edigheim, Oppau, Oggersheim, Friesenheim, Ruchheim, Maudach",,,Wasserwerk II Maudach-Oggersheim,Trinkwasseranalyse,"29,9","2,4","62,8",8,"20,5","2,3","33,5","10,6","mittel 1,9"
147.312,Heidelberg,http://www.heidelberg.de/,69117,Schlierbach und Quellen,,,,http://www.swhd.de/cms/Trinkwasser/Wasserqualitaet/Wasserqualitaet.html,"14,2",,"43,8","7,7","24,8","2,3","27,8","3-8,4",weich
147.312,Heidelberg,http://www.heidelberg.de/,69117,Entensee und Rauschen,,,,http://www.swhd.de/cms/Trinkwasser/Wasserqualitaet/Wasserqualitaet.html,"13,6",,"101,6",18,"9,1","5,8","17,6",18-21,hart
147.312,Heidelberg,http://www.heidelberg.de/,69117,Rauschen und Hardt,,,,http://www.swhd.de/cms/Trinkwasser/Wasserqualitaet/Wasserqualitaet.html,,,,,,,,,hart
147.312,Heidelberg,http://www.heidelberg.de/,,Hardt,,,,,,,,,,,,,
81.736,Worms,http://www.worms.de/,67547,Wasserwerk im Bürstadter Wald,,,,http://ewr.de/fileadmin/Dateien/EWR_Netz_GmbH/Unternehmen/Standorte/Wasserwerk/Kundenanalyse_Worms_Stand_2013_1.pdf,"8,8","1,2",105,"11,1",17,<1,50,"17,6",hart
52.855,Neustadt a. d. Weinstraße,http://www.neustadt-weinstrasse.de/,67433,,,,,https://www.swneustadt.de/content/e7/e138/e147/e1044/e3210/TrinkwasseranalyseMitte2014.pdf,"10,5","2,5","29,7","5,3","10,9",,"17,7","5,4",weich
49.857,Speyer,http://www.speyer.de,67346,,,,,http://www.sws.speyer.de/cms/Preise_und_Leistungen/Wasser/Trinkwasseranalyse/Trinkwasseranalyse.html,"12,5","2,3","79,7","11,8",,"1,1",<5,"13,9",hart
46.793,Frankenthal,http://www.frankenthal.de/,67227,,,,,https://www.stw-frankenthal.de/fileadmin/user_upload/Wasseranalyse_ft_02_2014.pdf,"28,6","2,6","72,3","10,6","13,8",2,"12,3","12,5",mittel
43.682,Weinheim,http://www.weinheim.de/,69469,"Kernstadt, Sulzbach, Lützelsachsen, Hohensachsen, Waid, Ofling, Gorxheimertal",,,,http://www.sww.de/downloads/79/SWW_Wasser-Flyer_BadBergstr_web.pdf,"10,3",     - ,"87,4","11,7",8,"0,4",3,"14,9",hart
43.615,Landau,http://www.landau.de/,76829,,,,,http://www.landau-land.de/fileadmin/user_upload/redakteure/werke/trinkwasserqualitaet_2011_jan.pdf,,,,,,,,,
39.729,Bensheim,http://www.bensheim.de/,64625,,,,,http://www.ggew.de/UN/Energie_und_Wasser/Wasser/,"14,3","2,08",104,"14,6","25,2","1,3","52,7","17,9",hart
35.392,Sinsheim,http://www.sinsheim.de/,74889,,,,,,,,,,,,,,
32.601,Viernheim,http://www.viernheim.de/,,,,,,http://www.stadtwerke-viernheim.de/pdf/wasseranalyse.pdf,"11,9",,113,14,"18,7",1,"59,5","19,1",hart
31.337,Lampertheim,http://www.lampertheim.de/,68623,,,,,,,,,,,,,,
27.225,Leimen,http://www.leimen.de/,,,,,,,,,,,,,,,
26.034,Wiesloch,http://www.wiesloch.de/,69168,,,,,http://www.stadtwerke-wiesloch.de/servlet/PB/show/1650105/Analyse%20HPW.pdf,"8,2","1,2",121,"21,4","10,3",1,116,20,hart
25.266,Heppenheim,http://www.heppenheim.de/,64646,,,,,http://www.wzs-osthofen.de/FILES/UPLOAD/2013-Probe1.pdf,38,"3,3",104,"24,8",39,"0,7",66,"20,3",hart
24.490,Mosbach,http://www.mosbach.de/,74819,,,,,,,,,,,,,,
21.789,Schwetzingen,http://www.schwetzingen.de/,68723,Schwetzinger Hardt,,,,https://www.stadtwerke-schwetzingen.de/downloads/trinkwasser/trinkwasseranalyse_02_2014.pdf,"7,16",,"98,4","17,7","7,5","0,8",1,"17,8",hart
21.118,Hockenheim,http://www.hockenheim.de/,68758,Stadtwerke Hockenheim,,,,http://www.stadtwerke-hockenheim.de/cms/Trinkwasser/Trinkwasser-_analyse/Trinkwasseranalyse/Analyse-Hockenheimer-Trinkwass-Juli.pdf,10,"1,4",112,"14,4","19,6","2,5",,19,hart
20.588,Germersheim,http://www.germersheim.de/,76726,,,,,http://www.stw-ger.de/cms/Privat_-_und_Geschaeftskunden/Trinkwasser/Trinkwasseranalyse.html,"7,3","1,6","85,3",11,11,1,26,"14,5",hart
20.416,"Haßloch, Pfalz",http://www.hassloch.de/,67454,Benzenloch,,,,https://www.gwhassloch.de/emodul/project/upload/service/trinkwasseranalyse06.11.2013.pdf,"4,7","1,4","67,4","10,4",10,"4,1",13,"11,8",mittel
19.375,Schifferstadt,http://www.schifferstadt.de/,67105,,,,,,,,,,,,,,
18.774,Bad Dürkheim,http://www.bad-duerkheim.de/,67098,Annaberg,,,,http://www.sw-duerkheim.de/images/bad_duerkheim/swd_pdf/wasserwerk_annaberg_2013.pdf,"11,8","3,8","44,7","7,9",25,11,45,"8,1",weich
18.774,Bad Dürkheim,http://www.bad-duerkheim.de/,67098,Alte Schmelz,,,,http://www.sw-duerkheim.de/images/bad_duerkheim/swd_pdf/wasserwerk_alte%20schmelz_2013.pdf,"6,4","2,9","22,6","3,1",14,"2,3",10,"3,9",weich
18.774,Bad Dürkheim,http://www.bad-duerkheim.de/,67098,Köppel,,,,http://www.sw-duerkheim.de/images/bad_duerkheim/swd_pdf/wasserwerk_koeppel_2013.pdf,"9,8","3,5","29,3","5,7",21,"8,8",20,"5,4",weich
18.276,Buchen,http://www.buchen.de/,74722,,,,,http://www.swb4u.de/bos/swb/101737/2240/BWV_Jahresmittelwerte-2013.pdf,"5,4","1,4",50,8,"7,2",,33,9,mittel
17.268,Wörth,http://www.woerth.de/,76744,Bienenwald,,,,http://www.wasserzweckverband-bienwald.de/unser_Wasser.html,7,"0,8","85,8",16,19,15,20,"15,7",hart
15.541,Bürstadt,http://www.hessennet.de/buerstadt,68642,,,,,,,,,,,,,,
15.014,Eppelheim,http://www.eppelheim.de/,69214,,,,,http://www.eppelheim.de/images/bgi/dld/Wasseruntersuchung_01-07-2014_08-20-13.pdf,"21,7","2,56",137,23,38,"28,2","79,8","24,38",hart
14.917,Eberbach,http://www.eberbach.de/,69412,,,,,,,,,,,,,,
14.908,Schriesheim,http://www.schriesheim.de,69198,Bauhof,,,,http://www.schriesheim.de/fileadmin/Image_Archive/Stadtinformationen/Umwelt/WVE_Schriesheim_Bauhof_Periodisch_2011-08-10.pdf,"21,8","2,3","136,7","21,6","53,1","46,9","77,8","24,1",hart
14.908,Schriesheim,http://www.schriesheim.de,69198,Seitzmühle,,,,http://www.schriesheim.de/fileadmin/Image_Archive/Stadtinformationen/Umwelt/WVE_Schriesheim_Seitzmuehle_Periodisch_2011-08-10.pdf,"2,12","2,6","17,9","1,8","2,9","9,3","15,5","2,9",weich
14.908,Schriesheim,http://www.schriesheim.de,69198,Altenbach,,,,http://www.schriesheim.de/fileadmin/Image_Archive/Stadtinformationen/Umwelt/WVE_Schriesheim_Altenbach_Periodisch_2011-08-10.pdf,"9,78","2,07","109,1",16,17,"14,5","22,4","18,9",hart
14.824,Walldorf,http://www.walldorf.de/,69190,Hardt,,,,http://www.hardtgruppe.de/analysen/analyse%20140314.pdf,"10,5","1,8",130,"16,6",28,"9,6",117,"15,1",hart
14.542,Sandhausen,http://www.sandhausen.de/,69207,Hardt,,Walldorf,,http://www.hardtgruppe.de/analysen/analyse%20140314.pdf,"10,5","1,8",130,"16,6",28,"9,6",117,"15,1",hart
14.379,Edingen-Neckarhausen,http://www.edingen-neckarhausen.de/,68535,Pumpwerk Edingen 1,,,,http://www.edingen-neckarhausen.de/fileadmin/Dateien/Dateien/Pumpwerk1_01.pdf,"28,4","4,3",113,"16,6",52,"14,6",96,"19,6",hart
14.379,Edingen-Neckarhausen,http://www.edingen-neckarhausen.de/,68535,Pumpwerk Edingen 2,,,,http://www.edingen-neckarhausen.de/fileadmin/Dateien/Dateien/Pumpwerk2_01.pdf,"30,2","3,8",116,"19,6",57,"24,65",93,"20,4",hart
14.379,Edingen-Neckarhausen,http://www.edingen-neckarhausen.de/,68535,Pumpwerk Neckarhausen,,,,http://www.edingen-neckarhausen.de/fileadmin/Dateien/Dateien/Pumpwerk_Neckarhausen_01.pdf,"29,8","5,5",101,"17,6",50,19,103,"18,2",hart
14.159,Brühl,http://www.bruehl-baden.de/,50321,,,,,,,,,,,,,"20,67",hart
13.905,Neckargemünd,http://www.neckargemuend.de/,69151,Waldhilsbach,,,,,,,,,,,,,
13.050,Grünstadt,http://www.gruenstadt.de/,67269,,,,,http://www.swen-gruenstadt.de/produkte/wasser/wasserqualitaet,,"6,6","64,4","18,3",23,13,52,"13,2",hart
13.041,Lorsch,http://www.lorsch.de/,64653,"Einhausen, Fehlheim, Lorsch, Langwaden, Rodau, Schwanheim ",,,,http://www.riedgruppe-ost.de/de/analysen/feuersteinberg.php,"12,5","2,04","98,6",20,"13,4","1,1",10,"18,4","hart 3,28"
12.839,St. Leon-Rot,http://www.st-leon-rot.de/,68789,Hardtwald,,,,http://www.st-leon-rot.de/pb/site/st-leon-rot/get/1355742/Trinkwasseranalyse%20Stand%2005.02.2014.pdf,"10,6","1,3",121,"17,8",24,7,118,21,hart
12.782,Ketsch,http://www.ketsch.de/,68775,Schwetzinger Hardt,,,,http://www.wasserversorgung-kurpfalz.de/versorgung.html,,,,,,,,,
12.659,Mutterstadt,http://www.mutterstadt.de/,67112,,,,,,,,,,,,,,
12.507,Dossenheim,http://www.dossenheim.de/,69221,,,,,"http://cms7.dossenheim.de/pb/,Lde/175100.html",,,,,,,,"17,8",hart
12.290,Hemsbach a. d. Bergstr.,http://www.hemsbach.de/,69502,Wasserzweckverband Badische Bergstraße,"
",,,,,,,,,,,,
11.702,Walldürn,http://www.wallduern.de/,74731,Bodensee Wasserversorgung,,,,http://www.sw-wallduern.de/attachments/article/70/Jahresmittelwerte-2012-1.pdf,"5,2","1,4",48,8,7,"0,09",34,9,mittel
11.631,Heddesheim,http://www.heddesheim.de/,68542,,,,,http://www.heddesheim.de/de/Wirtschaft+Bauen/Ver--und-Entsorgung,"20,3",2,133,"24,8","50,1","42,9","74,6","24,3",hart
11.513,Ladenburg,http://www.ladenburg.de/,68526,,,,,http://www.ladenburg.de/fileadmin/user_upload/wasserwerte2013.pdf,"24,4","1,5","83,4","21,7","54,6","45,7",81,,
11.192,Oftersheim,http://www.oftersheim.de/,68735,,,,,,,,,,,,,,
10.915,Wald-Michelbach,http://www.ueberwald.eu/,69483,,,,,,,,,,,,,,
10.834,Limburgerhof,http://www.limburgerhof.de/,67117,Wasserwerk Waldsee,,,,,,,,,,,,,
10.700,Nußloch,http://www.nussloch.de/,69226,,,,,,,,,,,,,,
10.669,Fürth,http://www.gemeinde-fuerth.de/,64658,x,"Versorgungsbereich 1 a: Ellenbach, Lörzenbach Die Tiefzone TZ der Wasserversorgung Fürth umfasst die Anliegergrundstücke im nachfolgenden Bereich: Restflächen der nicht durch die Mittel- oder Hochzone abgedeckten Bereiche der Kerngemeinde Fürth sowie die Ortslagen von Ellenbach und Lörzenbach",,,"http://www.gemeinde-fuerth.de/gv_fuerth/Gesundheit,%20Soziales,%20Umwelt/Umwelt%20und%20Energie/Wasserversorgung/Wasseranalysenergebnisse%202013%2009.pdf","8,9","1,2",46,"8,5",17,18,"hart 5,","8,4",weich
10.669,Fürth,http://www.gemeinde-fuerth.de/,64658,x,"Versorgungsbereich 1 b:  Steinbach Die Mittelzone (MZ) und die Hochzone 
(HZ) der Wasserversorgung Fürth umfassen die Anliegergrundstücke im 
nachfolgenden Bereich: Johannisstraße, Denkmalstraße, Kröckelbacher 
Straße von Einmündung Erzbergstraße bis Ortsausgang Richtung 
Kröckelbach, Goethestraße,  Schillerstraße, Kettelerstraße,
Erzbergstraße bis Einmündung Kettelerstraße, Gerhart-Hauptmann-Straße, 
Siegfriedstraße bis Einmündung Guntherstraße, Kriemhildenstraße, 
Lindenbornstraße, Hagenstraße, Brunhildenstraße, Nibelungenstraße, Im 
Schaafacker, Guntherstraße, Breslauer Straße, Reichenberger Straße, 
Stettiner Straße, Königsberger Straße, Danziger Straße, Schützengasse, 
Verlängerung Pestalozzistraße und Humboldtstraße jeweils ab Kreuzung Am 
Langen Acker bis Einmündung Am Flutgraben, Steinbacher Straße ab 
Einmündung Goethestraße Ortsausgang Richtung Steinbach. Die Hochzone 
(HZ) der Wasserversorgung Fürth umfasst die Anliegergrundstücke im 
nachfolgenden Bereich: Siegfriedstraße von Einmündung Guntherstraße bis 
Wendeanlage, Erzbergstraße von Einmündung Kettelerstraße bis 
Wegekreuzung nach Altlechtern, Am Scheppel, Beethovenstraße, 
Mozartstraße und die gesamte Ortslage Steinbach.",,,"http://www.gemeinde-fuerth.de/gv_fuerth/Gesundheit,%20Soziales,%20Umwelt/Umwelt%20und%20Energie/Wasserversorgung/Wasseranalysenergebnisse%202013%2009.pdf","9,6","0,8",64,"9,1",25,24,22,"11,06",mittel
10.669,Fürth,http://www.gemeinde-fuerth.de/,64658,x,"Versorgungsbereich 2:  Erlenbach, Seidenbach, Linnenbach",,,"http://www.gemeinde-fuerth.de/gv_fuerth/Gesundheit,%20Soziales,%20Umwelt/Umwelt%20und%20Energie/Wasserversorgung/Wasseranalysenergebnisse%202013%2009.pdf","7,4","0,9",29,"4,1",5,8,25,"5,01",weich
10.669,Fürth,http://www.gemeinde-fuerth.de/,64658,x,Versorgungsbereich 3:  Fahrenbach,,,"http://www.gemeinde-fuerth.de/gv_fuerth/Gesundheit,%20Soziales,%20Umwelt/Umwelt%20und%20Energie/Wasserversorgung/Wasseranalysenergebnisse%202013%2009.pdf","7,7","0,6",42,"1,7",4,7,19,"6,27",weich
10.669,Fürth,http://www.gemeinde-fuerth.de/,64658,x,"Versorgungsbereich 4: Krumbach, Kröckelbach, Brombach",,,"http://www.gemeinde-fuerth.de/gv_fuerth/Gesundheit,%20Soziales,%20Umwelt/Umwelt%20und%20Energie/Wasserversorgung/Wasseranalysenergebnisse%202013%2009.pdf","6,9","3,4",55,"3,1",16,10,17,"8,24",weich
10.669,Fürth,http://www.gemeinde-fuerth.de/,64658,x,"Versorgungsbereich 5:  Weschnitz, Leberbach",,,"http://www.gemeinde-fuerth.de/gv_fuerth/Gesundheit,%20Soziales,%20Umwelt/Umwelt%20und%20Energie/Wasserversorgung/Wasseranalysenergebnisse%202013%2009.pdf","1,5","2,1",16,"0,9",3,4,8,"2,45",weich
10.482,"Herxheim-Hayna, Insheim",http://www.herxheim.de/,76863,x,,,"Verbandsgemeindewerke Herxheim: Brunnen Rohrbach, 2 Tiefbrunnen, 2 Brunnen; Zweckverband für Wasserversorgung Germersheimer Südgruppe, Jockgrim; Zweckverband für Wasserversorgung Impflinger Gruppe: 3 Quellen im Kaiserbachtal, Tiefbrunnen Impflingen",http://www.vg-herxheim.de/start/vg-werke/wasserversorgung/wasseranalysen/,6,"1,5",101,"18,7",22,18,31,,"hart 3,29"
10.482,Herxheimweyer,http://www.herxheim.de/,76863,x,,,"Verbandsgemeindewerke Herxheim: Brunnen Rohrbach, 2 Tiefbrunnen, 2 Brunnen; Zweckverband für Wasserversorgung Germersheimer Südgruppe, Jockgrim; Zweckverband für Wasserversorgung Impflinger Gruppe: Tiefbrunnen Impflingen",http://www.vg-herxheim.de/start/vg-werke/wasserversorgung/wasseranalysen/,"9,3","1,9","82,8","13,7","6,6",1,"10,6",,"mittelhart 2,63"
10.482,(Herxheim) Rohrbach,http://www.herxheim.de/,76863,x,,,"Verbandsgemeindewerke Herxheim: Brunnen Rohrbach, 2 Tiefbrunnen, 2 Brunnen; Zweckverband für Wasserversorgung Germersheimer Südgruppe, Jockgrim; Zweckverband für Wasserversorgung Impflinger Gruppe: Tiefbrunnen Impflingen",http://www.vg-herxheim.de/start/vg-werke/wasserversorgung/wasseranalysen/,4,"0,8","82,5","14,9","9,6","8,1",11,,"hart 3,3"
10.456,Böhl-Iggelheim,http://www.boehl-iggelheim.de/,67459,"Ortsteil Böhl: Pfälzische Mittelrheingruppe Schifferstadt
Ortsteil Iggelheim: Gemeindewerke Haßloch",,,,,,,,,,,,,
10.140,Mörlenbach,http://www.moerlenbach.de/,69509,Gemeindewerke Mörlenbach: Boveriestraße 6,siehe Link,,,http://www.moerlenbach.de/fileadmin/Dateien/Dateien/GB_60/Kopie_von_01_2014_Wasserhaerte_Moerlenbach_Strassenliste_Hochbehaelter.pdf,,,,,,,,,
10.029,Birkenau,http://www.birkenau.de/,69488,x,http://www.birkenau.de/_obj/917D967C-F049-4F1B-B780-E2CBEAE3E10A/inline/Versorgungsschema.pdf,,,http://www.birkenau.de/_obj/9B980F59-A532-47D7-8828-E1DCB4BDC03D/inline/Trinkwasseruntersuchungen-2014.pdf,"13,1","2,1","88,7","12,5",26,27,27,"15,3","hart, 3"
9.878,Bobenheim-Roxheim,http://www.bobenheim-roxheim.de/,67420,,,,,,,,,,,,,,
9.685,Plankstadt,http://www.plankstadt-baden.de/,68723,,,,,,,,,,,,,,
9.539,Hirschberg a. d. Bergstr.,http://www.hirschberg-bergstrasse.de/,69493,,,,,,,,,,,50,,,
9.305,Römerberg,http://www.roemerberg.de/,67354,Verbandsgemeinde Dudenhofen,,Dudenhofen,,http://www.vgrd.de/vg_rd/Werke/Wasser/Trinkwasseranalyse.pdf,"9,4","2,4","86,1","12,2",8,<1,8,"14,8","hart 2,65"
8.902,Dielheim,http://www.dielheim.de/,69234,,,,,http://www.dielheim.de/rathaus___buergerservice/online_formulare/formulare/Wasser_Dielheim.pdf,"7,7","0,8",139,"33,4",38,29,93,"27,2","hart 5,3"
,Horrenberg,http://www.dielheim.de/,69234,x,,,,"http://www.dielheim.de/rathaus___buergerservice/online_formulare/formulare/Wasser_Horrenberg_Chlor.pdf
http://www.dielheim.de/rathaus___buergerservice/online_formulare/formulare/Wasser_Horrenberg.pdf","8,9","0,7",124,"29,6",44,39,44,"Horrenberg: 24,2
Balzfeld, Unter- u. Oberhof: 26,2","Horrenberg: hart 4,3
Balzfeld, Unter- u. Oberhof: hart 4,74"
8.757,Biblis,http://www.gemeinde-biblis.de/,68647,"Bensheim Stadt, Biblis, Groß-Rohrheim",,,Wasserbeschaffungsverband Riedgruppe Ost: Wasserwerkes Jägersburg,http://www.riedgruppe-ost.de/de/analysen/jaegersburg.php,"14,5","2,43",110,"15,5","26,4","1,2","54,4","18,1","hart 3,22"
8.530,Rimbach,http://www.rimbach-odw.de/,64668,x,"Bezirk I: Rimbach, Albersbach, Münschbach, Zotzenbach (TIEFZONE). Die TIEFZONE Zotzenbach beinhaltet folgende Straßen: Bahnhofstraße, Stein- bühl, Siedlung, Wiesenweg, Ahornweg, Birkenweg, Eichenweg, Bachgasse, Rothenklinger Weg, Im Klingen, Hainbuchenweg, Hofäcker, Försterweg, Am Weißkopp, Am Thasberg, Hügelstraße, Weiherer Weg, Mühlstraße, Eichhorns- höhe bis 29 (34), Gartenstraße 17 (18), Philipp-Reis-Straße.",,,http://www.rimbach-odw.de/fileadmin/Dateien/Dateien/Trinkwasseruntersuchungsergebnisse2013.pdf,"7,2","0,8","54,7","10,5",14,16,18,"10,1",
,Rimbach,http://www.rimbach-odw.de/,64668,x,"Bezirk II: Unter-Mengelbach, Zotzenbach (HOCHZONE).
Die HOCHZONE Zotzenbach beinhaltet folgende Straßen: Am Bannelsberg, Am Förthacker, Am Schafberg, Trommweg, Mittelstraße, Erlenweg, Sportplatz- straße, Schulstraße, Eichhornshöhe ab 29 (34) bis 76, Hauptstraße ab 19 (26) bis 133, Gartenstraße ab 17 (18) bis 45.",,,http://www.rimbach-odw.de/fileadmin/Dateien/Dateien/Trinkwasseruntersuchungsergebnisse2013.pdf,9,"1,5","31,3","6,3",17,"8,6",19,"5,8",
,Rimbach,http://www.rimbach-odw.de/,64668,x,Bezirk III: Mitlechtern,,,http://www.rimbach-odw.de/fileadmin/Dateien/Dateien/Trinkwasseruntersuchungsergebnisse2013.pdf,"6,8","1,4","45,7",8,6,14,20,"8,2",
,Rimbach,http://www.rimbach-odw.de/,64668,x,Bezirk IV: Lauten-Weschnitz,,,http://www.rimbach-odw.de/fileadmin/Dateien/Dateien/Trinkwasseruntersuchungsergebnisse2013.pdf,7,"1,3","68,5","7,4",5,17,22,"11,3",
,Rimbach,http://www.rimbach-odw.de/,64668,x,Bezirk V: Gertelsklingen,,,http://www.rimbach-odw.de/fileadmin/Dateien/Dateien/Trinkwasseruntersuchungsergebnisse2013.pdf,"10,3","0,9","59,4","9,9",21,35,26,"10,6",
8.471,Ilvesheim,http://www.ilvesheim.de/,68549,MVV Energie AG: Rheinau + Käfertal,,"Käfertal, Rheinau",,https://www.mvv-energie.de/de/privatkunden/wasser/wasserqualitaet/wasserqualitaet_1.jsp,"K: 13,3
R: 33,1",,"K: 113
R: 105","K: 13,9
R: 20,6",,"K: 1,3
R: 20,8","K: 60,4
R: 84,3","K: 19
R: 19,4","hart
K: 3,4
R: 3,47"
8.427,"Kandel, Pfalz",http://www.kandel.de/,76870,Verbandsgemeindewerke Kandel,,Erlenbach bei Kandel,,http://www.vg-kandel.de/vg_kandel/Verwaltung/Verbandsgemeinde%20Werke/Wasseranalysen%202013.pdf,"7,6","2,3","97,4","18,7",10,"0,9",20,18,"3,2"
8.388,Bellheim,http://www.bellheim.de/,76756,"Wasserversorgung Germersheim
Südgruppe: Kuhardt",,,,http://www.wgs-jockgrim.de/wasser/wasser.htm,"9,3","1,9","82,8","13,7","6,6",1,"12,7","14,7",hart
8.245,Mühlhausen,http://www.muehlhausen-kraichgau.de/,69242,,,St Leon-Roth,,http://www.st-leon-rot.de/pb/site/st-leon-rot/get/1355742/Trinkwasseranalyse%20Stand%2005.02.2014.pdf,"10,6","1,3",121,"17,8",24,7,118,21,hart
7.959,Rauenberg,http://www.rauenberg.de/,69231,,,St. Leon-Roth,,http://www.st-leon-rot.de/pb/site/st-leon-rot/get/1355742/Trinkwasseranalyse%20Stand%2005.02.2014.pdf,"10,6","1,3",121,"17,8",24,7,118,21,hart
7.815,Rülzheim,http://www.ruelzheim.de/,76761,x,,,"""Wasserversorgung Germersheim
Südgruppe: Kuhardt, Jockgrim""",http://www.wgs-jockgrim.de/wasser/wasser.htm,"J: 7,8
K: 9,3","J: 1,6
K: 1,9","J: 74,7
K: 82,8","J: 10,9
K: 13,7","J: 9,7
K: 6,6","J: 1
K: 1","J: 5,6
K: 12,7","J: 12,9
K: 14,7",hart
7.655,Bad Bergzabern,http://www.bad-bergzabern.de/,76887,x,http://www.stadtwerke-bza.de/bad-bergzabern/netze/wasser.html,,Stadtwerke Bad Bergzabern,http://www.stadtwerke-bza.de/uploads/media/Trinkwasseruntersuchung_2013.pdf,7,"2,6","22,6","8,8",17,"8,4",10,"5,2","weich 0,9"
7.653,Altrip,http://www.altrip.de/,67122,"Hemshof, Mitte, West, Süd, Gartenstadt, Mundenheim, Rheingönheim, Gemeinde Altrip",,Ludwigshafen PARKINSEL,Technische Werke Ludwigshafen: Wasserwerk I PARKINSEL,http://www.twl.de/de/Privatkunden/Produkte/Trinkwasser/Rechte_Seite/20140214-Trinkwasseranalyse.pdf,"37,6","2,6","92,3","12,8","35,2","1,6","11,7","15,8","hart 2,83"
7.223,Hardheim,http://www.hardheim.de/,74736,,,,"Wasserversorgungsbetrieb Hardheim; Bodenseewasser, Rüdentaler Quellen (Mainberg- Seewiesen- und Paulusbodenquelle), Tiefbrunnen in der Herrenau",,,,,,,,,"Hardheim und Rüdental: 10,08
Ortsteile: 9","Hardheim und Rüdental: mittel 1,8 
Ortsteile: mittel 1,6"
7.139,Reilingen,http://www.reilingen.de/,68799,"Reilingen, Hockenheim, Altlußheim, Neulußheim",,,Zweckverband Wasserversorgung Südkreis Mannheim,,"7,9",1,111,"13,7","18,1","2,2","96,7","18,7",hart
7.082,Lautertal (Elmshausen),http://www.lautertal.de/,64686,x,http://www.lautertal.de/versorgungsnetz.html?matches=trinkwasserversorgung%2Ctrinkwasser,,,http://www.lautertal.de/trinkwasserwerte.html?matches=trinkwasserwerte%2Ctrinkwasseruntersuchungsprogramm%2Ctrinkwasser%2Ctrinkwasserqualit%C3%A4t%2Ctrinkwasserverordnung%2Ctrinkwasseruntersuchungen,"12,5","1,7","84,3","12,6","18,1",13,"33,9","14,7","hart 2,63"
7.082,Lautertal (Reichenbach),http://www.lautertal.de/,64686,x,http://www.lautertal.de/versorgungsnetz.html?matches=trinkwasserversorgung%2Ctrinkwasser,,,http://www.lautertal.de/trinkwasserwerte.html?matches=trinkwasserwerte%2Ctrinkwasseruntersuchungsprogramm%2Ctrinkwasser%2Ctrinkwasserqualit%C3%A4t%2Ctrinkwasserverordnung%2Ctrinkwasseruntersuchungen,"Versorgungsbereich 1 (Grün): 11
Versorgungsbereich 2 (Rot): 8,9
Versorgungsbereich 3 (Rot/Weiss): 9
Versorgungsbereich 4 (Grün/Weiss): 10,5","Versorgungsbereich 1 (Grün): 2
Versorgungsbereich 2 (Rot): 1,2
Versorgungsbereich 3 (Rot/Weiss): 1,3
Versorgungsbereich 4 (Grün/Weiss): 2","Versorgungsbereich 1 (Grün): 41,8
Versorgungsbereich 2 (Rot): 26,8
Versorgungsbereich 3 (Rot/Weiss): 25,9
Versorgungsbereich 4 (Grün/Weiss): 42,5","Versorgungsbereich 1 (Grün): 14,4
Versorgungsbereich 2 (Rot): 9,8
Versorgungsbereich 3 (Rot/Weiss): 11,2
Versorgungsbereich 4 (Grün/Weiss): 13,9","Versorgungsbereich 1 (Grün): 11,1
Versorgungsbereich 2 (Rot): 4,9
Versorgungsbereich 3 (Rot/Weiss): 4,5
Versorgungsbereich 4 (Grün/Weiss): 11,5","Versorgungsbereich 1 (Grün): 21,2
Versorgungsbereich 2 (Rot): 12,6
Versorgungsbereich 3 (Rot/Weiss): 12,4
Versorgungsbereich 4 (Grün/Weiss): 21,6","Versorgungsbereich 1 (Grün): 37,6
Versorgungsbereich 2 (Rot): 27,4
Versorgungsbereich 3 (Rot/Weiss): 27,5","Versorgungsbereich 1 (Grün): 9,2
Versorgungsbereich 2 (Rot): 6
Versorgungsbereich 3 (Rot/Weiss): 6,2
Versorgungsbereich 4 (Grün/Weiss): 9,1","Versorgungsbereich 1 (Grün): mittel 1,64
Versorgungsbereich 2 (Rot): weich 1,07
Versorgungsbereich 3 (Rot/Weiss): weich 1,11
Versorgungsbereich 4 (Grün/Weiss): mittel 1,63"
7.082,Lautertal (Lautern),http://www.lautertal.de/,64686,x,http://www.lautertal.de/versorgungsnetz.html?matches=trinkwasserversorgung%2Ctrinkwasser,,,http://www.lautertal.de/trinkwasserwerte.html?matches=trinkwasserwerte%2Ctrinkwasseruntersuchungsprogramm%2Ctrinkwasser%2Ctrinkwasserqualit%C3%A4t%2Ctrinkwasserverordnung%2Ctrinkwasseruntersuchungen,"10,7","1,1","33,1","12,9","6,6","7,6","22,8","7,6","weich 1,36"
7.082,Lautertal (Gadernheim und Unter-Raidelbach),http://www.lautertal.de/,64686,x,http://www.lautertal.de/versorgungsnetz.html?matches=trinkwasserversorgung%2Ctrinkwasser,,,http://www.lautertal.de/trinkwasserwerte.html?matches=trinkwasserwerte%2Ctrinkwasseruntersuchungsprogramm%2Ctrinkwasser%2Ctrinkwasserqualit%C3%A4t%2Ctrinkwasserverordnung%2Ctrinkwasseruntersuchungen,8,"1,2","28,2","12,8","3,8","12,8","19,6","6,9","weich 1,23"
7.082,Lautertal (Raidelbach),http://www.lautertal.de/,64686,x,http://www.lautertal.de/versorgungsnetz.html?matches=trinkwasserversorgung%2Ctrinkwasser,,,http://www.lautertal.de/trinkwasserwerte.html?matches=trinkwasserwerte%2Ctrinkwasseruntersuchungsprogramm%2Ctrinkwasser%2Ctrinkwasserqualit%C3%A4t%2Ctrinkwasserverordnung%2Ctrinkwasseruntersuchungen,"12,8","2,3","56,7","13,2","40,4","10,7","21,3",11,"mittel 1,96"
7.082,"Lautertal (Schannenbach, Knoden und Breitenwiesen)",http://www.lautertal.de/,64686,x,http://www.lautertal.de/versorgungsnetz.html?matches=trinkwasserversorgung%2Ctrinkwasser,,,http://www.lautertal.de/trinkwasserwerte.html?matches=trinkwasserwerte%2Ctrinkwasseruntersuchungsprogramm%2Ctrinkwasser%2Ctrinkwasserqualit%C3%A4t%2Ctrinkwasserverordnung%2Ctrinkwasseruntersuchungen,"9,4","1,4","18,8",22,"15,5","11,9","26,2","7,7","weich 1,38"
7.082,Lautertal (Beedenkirchen und Wurzelbach (bis Tankstelle Brunner)),http://www.lautertal.de/,64686,x,http://www.lautertal.de/versorgungsnetz.html?matches=trinkwasserversorgung%2Ctrinkwasser,,,http://www.lautertal.de/trinkwasserwerte.html?matches=trinkwasserwerte%2Ctrinkwasseruntersuchungsprogramm%2Ctrinkwasser%2Ctrinkwasserqualit%C3%A4t%2Ctrinkwasserverordnung%2Ctrinkwasseruntersuchungen,"9,2","1,2","22,5","9,1","4,2","11,8","25,3","5,2","weich 0,93"
7.082,"Lautertal (Staffel, Schmal-Beerbach und Wurzelbach (bis Tankstelle Brunner))",http://www.lautertal.de/,64686,x,http://www.lautertal.de/versorgungsnetz.html?matches=trinkwasserversorgung%2Ctrinkwasser,,,http://www.lautertal.de/trinkwasserwerte.html?matches=trinkwasserwerte%2Ctrinkwasseruntersuchungsprogramm%2Ctrinkwasser%2Ctrinkwasserqualit%C3%A4t%2Ctrinkwasserverordnung%2Ctrinkwasseruntersuchungen,"10,4","1,7","18,8","13,9","6,6","13,9","22,6","5,8","weich 1,04"
7.041,Neuhofen,http://www.neuhofen.de/,67141,,,,,,,,,,,,,,
7.009,Jockgrim,http://www.jockgrim.de/,76751,Wasserversorgung Germersheim,,,"Wasserversorgung Germersheim
Südgruppe: Jockgrim",http://www.wgs-jockgrim.de/wasser/jockgrim.pdf,"7,8","1,6","74,7","10,9","9,7",1,"5,6","12,9",mittel
7.009,Maxdorf,http://www.vg-maxdorf.de/,67133,Wasserwerk Maxdorf,,,Friedelsheimer Gruppe: Wasserwerk Maxdorf,http://www.friedelsheimer-gruppe.de/pdf/14-05-22_Analyse%20Maxdorf.pdf,"59,6","3,4","51,7","14,4",72,"1,9",18,"10,6",2
6.897,Dannstadt-Schauernheim,http://www.vg-dannstadt-schauernheim.de,67125,Pfälzische Mittelrheingruppe Schifferstadt,,,"Zweckverband für Wasserversorgung
Pfälzische Mittelrheingruppe Schifferstadt",,,,,,,,,,
6.889,Annweiler,http://www.annweiler.de/,76855,,,,,,,,,,,,,,
6.731,"Zwingenberg, Baden",http://www.zwingenberg-neckar.de/,69439,,,,,,,,,,,,,,
6.626,Neulußheim,http://www.neulussheim.de/,68809,Zweckverband Wasserversorgung Südkreis Mannheim,,,,,,,,,,,,,
6.594,Edenkoben,http://www.edenkoben.de/,67480,,,,,,,,,,,,,,
6.488,Osterburken,http://www.osterburken.de/,74701,Bodensee Wasserversorgung,,,,,,,,,,,,,
6.468,Bammental,http://www.bammental.de/,69245,Zweckverbandes Gruppenwasserversorgung Unteres Elsenztal,,,,http://www.wasserzweckverband.de/untersuchung.htm,"8,5","1,1",85,16,16,17,34,16,"hart 2,85"
6.369,Lambsheim,http://www.lambsheim.de/,67245,Friedelsheimer Gruppe: Wasserwerk Maxdorf,,Maxdorf,,http://www.friedelsheimer-gruppe.de/pdf/14-05-22_Analyse%20Maxdorf.pdf,"59,6","3,4","51,7","14,4",72,"1,9",18,"10,6",2
6.154,Offenbach a. d. Queich,http://www.offenbach-queich.de/,76877,Zweckverbandes für Wasserversorgung WALSHEIMER GRUPPE: Gruppenwasserwerke Bornheim,http://www.gruppenwasserwerke-bornheim.de/wDeutsch/betrieb/wasserverteilung.php?navanchor=2120005,,,http://www.gruppenwasserwerke-bornheim.de/bestimmungen_von_elementen.pdf,"5,8","1,1","83,8","17,9",15,"7,1",13,"15,9","hart 2,8"
6.115,Einhausen,http://www.einhausen.de/w3a/default.jsp,64683,Wasserbeschaffungsverband Riedgruppe Ost: Feuersteinberg,"Einhausen, Fehlheim, Lorsch, Langwaden, Rodau, Schwanheim ",Lorsch,,http://www.riedgruppe-ost.de/de/analysen/feuersteinberg.php,"12,5","2,04","98,6",20,"13,4","1,1",10,"18,4","hart 3,28"
6.051,Laudenbach a. d. Bergstr.,http://www.gemeinde-laudenbach.de,69514,Wasserwerk Wasserzweckverband Badische Bergstraße (Sitz Hemsbach),,,,,,,,,,,,,
5.969,Elztal,http://www.elztal.de/,74834,Stadtwerke Mosbach GmbH,,,,,,,,,,,,14,
5.742,Billigheim,http://www.billigheim.de/,74842,Heilbronner Versorgungs GmbH,,,,,,,,,,,,,
5.723,Waibstadt,http://www.waibstadt.de/,74915,Zweckverbandes Wasserversorgungsgruppe Unterer Schwarzbach,,,,,,,,,,,,,
5.706,Dudenhofen,http://www.dudenhofen.de/,67373,Verbandsgemeinde Dudenhofen,,"
",,http://www.vgrd.de/vg_rd/Werke/Wasser/Trinkwasseranalyse.pdf,"9,4","2,4","86,1","12,2",8,<1,8,"14,8","hart 2,65"
5.514,Lingenfeld,http://www.vg-lingenfeld.de,67360,,,,,"
",,,,,,,,,
5.362,"Hagenbach, Pfalz",http://www.hagenbach.de/,76767,,,,,"
",,,,,,,,,
5.340,Waldsee,http://www.waldsee.de/,67165,,,,,,,,,,,,,,
5.307,Adelsheim,http://www.adelsheim.de/,,,,,,,,,,,,,,,
5.278,Meckesheim,http://www.meckesheim.de/,74909,,,,,,,,,,,,,,
5.239,Altlußheim,http://www.altlussheim.de/,68804,,,,,,,,,,,,,,
5.221,Obrigheim,http://www.obrigheim.de/,74847,,,,,,,,,,,,,,
5.012,Freinsheim,http://www.freinsheim.de/,67251,,,,,,,,,,,,,,
5.001,Lindenfels,http://www.lindenfels.de/,64678,,,,,,,,,,,,,,
4.960,Angelbachtal,http://www.angelbachtal.de/,74918,,,,,,,,,,,,,,
4.943,Mudau,http://www.mudau.de/,69427,,,,,,,,,,,,,,
4.914,Rheinzabern,http://www.rheinzabern.de/,76764,,,,,,,,,,,,,,
4.908,Haßmersheim,http://www.hassmersheim.de/,74855,,,,,,,,,,,,,,
4.882,Aglasterhausen,http://www.aglasterhausen.de/,74858,,,,,,,,,,,,,,
4.823,Waldbrunn,http://www.waldbrunn-odenwald.de/,69429,,,,,,,,,,,,,,
4.680,Wachenheim,http://www.wachenheim.de/,67157,,,,,,,,,,,,,,
4.526,Schönau,http://www.stadt-schoenau.de/,79667,,,,,,,,,,,,,,
4.501,Limbach,http://www.limbach.de/,74838,,,,,,,,,,,,,,
4.335,Weisenheim a. Sand,http://www.weisenheimamsand.de/,67256,,,,,,,,,,,,,,
4.331,Seckach,http://www.seckach.de/,74743,,,,,,,,,,,,,,
4.198,Maikammer,http://www.maikammer.de/,,,,,,,,,,,,,,,
4.144,Schefflenz,http://www.schefflenz.de/,74850,,,,,,,,,,,,,,
3.985,Gorxheimertal,http://www.hessennet.de/gorxheimertal/html2/news/newsindex.html,691517,,,,,,,,,,,,,,
3.928,Mauer,http://www.gemeinde-mauer.de/,69256,Zweckverbandes Gruppenwasserversorgung Unteres Elsenztal,,Bammental,,http://www.wasserzweckverband.de/untersuchung.htm,"8,5","1,1",85,16,16,17,34,16,"hart 2,85"
3.866,Lambrecht,http://www.lambrecht-pfalz.de/,67466,,,,,,,,,,,,,,
3.863,Neckarbischofsheim,http://www.neckarbischofsheim.de/,74924,,,,,,,,,,,,,,
3.862,Billigheim-Ingenheim,http://www.billigheim-ingenheim.de/,76831,,,,,,,,,,,,,,
3.752,Neckarsteinach,http://www.neckarsteinach.de/,69239,,,,,,,,,,,,,,
3.709,Groß-Rohrheim,http://www.hessennet.de/gross-rohrheim,68649,Wasserbeschaffungsverband Riedgruppe Ost: Wasserwerkes Jägersburg,"Bensheim Stadt, Biblis, Groß-Rohrheim ",Biblis,,http://www.riedgruppe-ost.de/de/analysen/jaegersburg.php,"14,5","2,43",110,"15,5","26,4","1,2","54,4","18,1","hart 3,22"
3.706,Helmstadt-Bargen,http://www.helmstadt-bargen.de/,74921,,,,,,,,,,,,,,
3.703,Grasellenbach,http://www.ueberwald.eu/,,,,,,,,,,,,,,,
3.692,Deidesheim,http://www.vg-deidesheim.rlp.de/,,,,,,,,,,,,,,,
3.585,Hirschhorn,http://www.hessennet.de/hirschhorn,,,,,,,,,,,,,,,
3.526,"Carlsberg, Pfalz",http://www.carlsberg-pfalz.de/,,,,,,,,,,,,,,,
3.468,Malsch,http://www.malsch-weinort.de/,,,,St. Leon-Roth,,http://www.st-leon-rot.de/pb/site/st-leon-rot/get/1355742/Trinkwasseranalyse%20Stand%2005.02.2014.pdf,"10,6","1,3",121,"17,8",24,7,118,21,hart
3.323,"Meckenheim, Pfalz",http://www.meckenheim-pfalz.de/,67149,Friedelsheimer Gruppe: Wasserwerk Hochdorf,,,,http://www.friedelsheimer-gruppe.de/pdf/14-05-22_Analyse%20Hochdorf.pdf,"4,8","2,4",54,"9,8",26,"<0,5",44,"9,8",2
3.314,Otterstadt,http://www.otterstadt.de/,,,,,,,,,,,,,,,
3.258,Wilhelmsfeld,http://www.wilhelmsfeld.de/,,,,,,,,,,,,,,,
3.198,Schwarzach,http://www.schwarzach-online.de/,,,,,,,,,,,,,,,
3.186,Lustadt,http://www.lustadt.de/,,,,,,,,,,,,,,,
3.159,"Birkenheide, Pfalz",http://www.vg-maxdorf.de/,67134,Friedelsheimer Gruppe: Wasserwerk Maxdorf,,Maxdorf,,http://www.friedelsheimer-gruppe.de/pdf/14-05-22_Analyse%20Maxdorf.pdf,"59,6","3,4","51,7","14,4",72,"1,9",18,"10,6",2
3.152,Höpfingen,http://www.hoepfingen.de/,,,,,,,,,,,,,,,
3.071,Wiesenbach,http://www.wiesenbach-online.de/,69257,Zweckverbandes Gruppenwasserversorgung Unteres Elsenztal,,Bammental,,http://www.wasserzweckverband.de/untersuchung.htm,"8,5","1,1",85,16,16,17,34,16,"hart 2,85"
3.062,"Harthausen, Pfalz",http://stadt.cityreview.de/rheinland_pfalz/harthausen,67376,Verbandsgemeinde Dudenhofen,,,,http://www.vgrd.de/vg_rd/Werke/Wasser/20120327151936818.pdf,"10,3","2,5","84,4","12,1",4,<1,<5,"14,6","hart 2,6"
3.059,Hochdorf-Assenheim,http://www.vg-dannstadt-schauernheim.de/,67126,Friedelsheimer Gruppe: Wasserwerk Hochdorf,,Meckenheim,,http://www.friedelsheimer-gruppe.de/pdf/14-05-22_Analyse%20Hochdorf.pdf,"4,8","2,4",54,"9,8",26,"<0,5",44,"9,8",2
3.055,Hettenleidelheim,http://www.hettenleidelheim.de/,,,,,,,,,,,,,,,
3.018,Beindersheim,http://www.beindersheim.de/,,,,,,,,,,,,,,,
2.991,Hessheim,http://www.vghessheim.de/,,,,,,,,,,,,,,,
2.960,Ravenstein,http://www.ravenstein.de/,,,,,,,,,,,,,,,
2.948,Dirmstein,http://www.dirmstein.de/,,,,,,,,,,,,,,,
2.941,Schönbrunn,http://www.gemeinde-schoenbrunn.de/,,,,,,,,,,,,,,,
2.919,Heiligkreuzsteinach,http://www.heiligkreuzsteinach.de/,,,,,,,,,,,,,,,
2.918,Schwegenheim,http://www.schwegenheim.de/,,,,,,,,,,,,,,,
2.891,Hatzenbühl,http://www.hatzenbuehl.de/,,,,,,,,,,,,,,,
2.827,Rödersheim-Gronau,http://www.roedersheim-gronau.de/,67127,Friedelsheimer Gruppe: Wasserwerk Hochdorf,,Meckenheim,,http://www.friedelsheimer-gruppe.de/pdf/14-05-22_Analyse%20Hochdorf.pdf,"4,8","2,4",54,"9,8",26,"<0,5",44,"9,8",2
2.778,Fahrenbach,http://www.fahrenbach.de/,,,,,,,,,,,,,,,
2.704,Gaiberg,http://www.gaiberg.de/,69251,Zweckverbandes Gruppenwasserversorgung Unteres Elsenztal,,Bammental,,http://www.wasserzweckverband.de/untersuchung.htm,"8,5","1,1",85,16,16,17,34,16,"hart 2,85"
2.572,Elmstein,http://www.elmstein.de/,,,,,,,,,,,,,,,
2.566,Leimersheim,http://www.ruelzheim.de,,,,,,,,,,,,,,,
2.555,Neuburg a. Rhein,http://www.neuburg-rhein.de/,,,,,,,,,,,,,,,
2.546,Fußgönheim,http://www.vg-maxdorf.de/,67136,Friedelsheimer Gruppe: Wasserwerk Maxdorf,,Maxdorf,,http://www.friedelsheimer-gruppe.de/pdf/14-05-22_Analyse%20Maxdorf.pdf,"59,6","3,4","51,7","14,4",72,"1,9",18,"10,6",2
2.510,Eschelbronn,http://www.eschelbronn.de/,,,,,,,,,,,,,,,
2.504,Epfenbach,http://www.epfenbach.de/,,,,,,,,,,,,,,,
2.447,"Hochstadt, Pfalz",http://www.offenbach-queich.de/,76879,Zweckverbandes für Wasserversorgung WALSHEIMER GRUPPE: Gruppenwasserwerke Bornheim,http://www.gruppenwasserwerke-bornheim.de/wDeutsch/betrieb/wasserverteilung.php?navanchor=2120005,Offenbach an der Queich,,http://www.gruppenwasserwerke-bornheim.de/bestimmungen_von_elementen.pdf,"5,8","1,1","83,8","17,9",15,"7,1",13,"15,9","hart 2,8"
2.446,Klingenmünster,http://www.klingenmuenster.de/,,,,,,,,,,,,,,,
2.432,Abtsteinach,http://www.abtsteinach.de/,69518,Bezirk I:Mackenheim (Tiefzone),"Ortsstraße Haus Nr. 26 - 33, Kreidacher Weg, Im Gräben, Am Langen Bangert, Am Hofböhl",,,http://www.abtsteinach.de/Service/Wasserversorgung,"10,6",1,24,"10,8","7,2","11,6",n.a.,n.a.,1
2.432,Abtsteinach,http://www.abtsteinach.de/,69518,Bezirk II:Mackenheim (Hochzone),"Ortsstraße Haus Nr. 4 - 17, Vöckelsbacher Weg Haus Nr. 1 - 11, Am Rain Haus Nr. 3 - 8",,,http://www.abtsteinach.de/Service/Wasserversorgung,"9,4","1,1","24,5","9,31","5,7",13,n.a.,n.a.,
2.432,Abtsteinach,http://www.abtsteinach.de/,69518,Bezirk III:Ober-Abtsteinach,"Annastraße, Bildstockstraße, Breslauer Straße, Brunnenstraße, Danziger Straße, Dr.-v.-Brentano-Straße, Forstweg, Friedhofstraße, Gartenstraße, Götzensteinstraße, Hardbergstraße, Höhenstraße, Hohbergstraße, Im Busch, In der Häuselswiese, Bgm-Karl-Heindtel-Straße, Kirchstraße, Löhrbacher Straße, Luisenstraße, Mackenheimer Straße, Marienstraße, Neckarstraße, Schulstraße, Steinachstraße, Waldskopfstraße, Lindenstraße, Im Steinböhl",,,http://www.abtsteinach.de/Service/Wasserversorgung,"9,9","0,9","14,8","10,7","7,5","11,6",n.a.,n.a.,
2.432,Abtsteinach,http://www.abtsteinach.de/,69518,Bezirk IV:Unter-Abtsteinach,"Am Wildenberg, Am Mühlgraben, Im Wiesengrund, Bergweg, Birkenweg, Hauptstraße, Eiterbacher Weg, Im Röthels, Klingenstraße, Ringstraße, Schützenstraße, Waldstraße, Weinheimer Straße, Buchackerweg",,,http://www.abtsteinach.de/Service/Wasserversorgung,"4,4","2,1","35,2","3,4","4,6","14,6",n.a.,n.a.,
2.424,"Hördt, Pfalz",http://www.ruelzheim.de/vg_ruelzheim/homepage/Ortsgemeinden/H%C3%B6rdt/,,,,,,http://www.wgs-jockgrim.de/wasser/wasser.htm,,,,,,,,,
2.420,Hanhofen,http://www.hanhofen.de,67376,Verbandsgemeinde Dudenhofen,,Harthausen,,http://www.vgrd.de/vg_rd/Werke/Wasser/20120327151936818.pdf,"10,3","2,5","84,4","12,1",4,<1,<5,"14,6","hart 2,6"
2.400,Lobbach,http://www.lobbach.de/,,,,,,,,,,,,,,,
2.353,Niederkirchen,http://www.otterberg.de/gemeinden/niederkirchen.html,67700,Friedelsheimer Gruppe: Wasserwerk Hochdorf,,Meckenheim,,http://www.friedelsheimer-gruppe.de/pdf/14-05-22_Analyse%20Hochdorf.pdf,"4,8","2,4",54,"9,8",26,"<0,5",44,"9,8",2
2.330,Neckargerach,http://www.neckargerach.de,,,,,,,,,,,,,,,
2.290,"Edesheim, Pfalz",http://www.edesheim-pfalz.de/,,,,,,,,,,,,,,,
2.234,Ellerstadt,http://www.ellerstadt.de/,67158,Friedelsheimer Gruppe: Wasserwerk Maxdorf,,Maxdorf,,http://www.friedelsheimer-gruppe.de/pdf/14-05-22_Analyse%20Maxdorf.pdf,"59,6","3,4","51,7","14,4",72,"1,9",18,"10,6",2
2.205,Zeiskam,http://www.zeiskam.de/,,,,,,,,,,,,,,,
2.191,"Essingen, Pfalz",http://www.essingen-pfalz.de/,76879,Zweckverbandes für Wasserversorgung WALSHEIMER GRUPPE: Gruppenwasserwerke Bornheim,http://www.gruppenwasserwerke-bornheim.de/wDeutsch/betrieb/wasserverteilung.php?navanchor=2120005,Offenbach an der Queich,,http://www.gruppenwasserwerke-bornheim.de/bestimmungen_von_elementen.pdf,"5,8","1,1","83,8","17,9",15,"7,1",13,"15,9","hart 2,8"
2.182,Zuzenhausen,http://www.zuzenhausen.de/,,,,,,,,,,,,,,,
2.166,Rosenberg,http://www.rosenberg-baden.de/,,,,,,,,,,,,,,,
2.157,Bockenheim a. d. Weinstr.,http://www.bockenheim.de/,,,,,,,,,,,,,,,
2.090,Insheim,http://www.insheim.de/,76865,"Zweckverband für Wasserversorgung Impflinger Gruppe: 3 Quellen im Kaiserbachtal, Tiefbrunnen Impflingen; Verbandsgemeindewerke Herxheim: Brunnen Rohrbach, 2 Tiefbrunnen, 2 Brunnen; Zweckverband für Wasserversorgung Germersheimer Südgruppe, Jockgrim",,,,,,,,,,,,,
2.078,"Berg, Pfalz",http://www.berg-pfalz.de/,,,,,,,,,,,,,,,
2.070,"Kirrweiler, Pfalz",http://www.kirrweiler.de/,,,,,,,,,,,,,,,
2.042,Hüffenhardt,http://www.hueffenhardt.de/,,,,,,,,,,,,,,,
2.035,Reichartshausen,http://www.reichartshausen.de/,,,,,,,,,,,,,,,
1.928,Albersweiler,http://www.albersweiler.de/,,,,,,,,,,,,,,,
1.923,"Steinfeld, Pfalz",http://www.steinfeld-pfalz.de/,,,,,,,,,,,,,,,
1.914,Kuhardt,http://www.ruelzheim.de,76773,Wasserversorgung Germersheimer Südgruppe: Kuhardt,"
",,,http://www.wgs-jockgrim.de/wasser/kuhardt.pdf,"9,3","1,9","82,8","13,7","6,6",1,"12,7","14,7",hart
1.899,"Steinweiler, Pfalz",http://www.steinweiler.de/,76872,Verbandsgemeindewerke Kandel,,,,http://www.vg-kandel.de/vg_kandel/Verwaltung/Verbandsgemeinde%20Werke/Wasseranalysen%202013.pdf,"5,2","1,5","96,3",19,"4,2","<0,5","6,3","17,9","3,2"
1.867,"Weidenthal, Pfalz",http://www.weidenthal.de/,,,,,,,,,,,,,,,
1.857,Altleiningen,http://www.altleiningen.de/,,,,,,,,,,,,,,,
1.849,Neupotz,http://www.neupotz.de/,,,,,,,,,,,,,,,
1.842,Neunkirchen,http://www.neunkirchen-baden.de/,,,,,,,,,,,,,,,
1.825,Kirchheim an der Weinstraße,http://www.gruenstadt-land.de/,,,,,,,,,,,,,,,
1.809,Ottersheim b. Landau,http://www.ottersheim-pfalz.de/,,,,,,,,,,,,,,,
1.786,Neidenstein,http://www.neidenstein.de/,,Zweckverbandes Wasserversorgungsgruppe Unterer Schwarzbach,,Waibstadt,,,,,,,,,,,
1.734,Spechbach,http://www.spechbach.de/,,,,,,,,,,,,,,,
1.728,"Westheim, Pfalz",http://www.westheim-pfalz.de/,,,,,,,,,,,,,,,
1.680,"Weingarten, Pfalz",http://www.weingarten-pfalz.de/,,,,,,,,,,,,,,,
1.670,Gerolsheim,http://www.gruenstadt-land.de,,,,,,,,,,,,,,,
1.632,Weisenheim a. Berg,http://www.weisenheim.de/,,,,,,,,,,,,,,,
1.605,"Wattenheim, Pfalz",http://www.vg-h.de/,,,,,,,,,,,,,,,
1.560,"Rohrbach, Pfalz",http://www.rohrbach-pfalz.de/,,,,,,,,,,,,,,,
1.559,Freckenfeld,http://www.freckenfeld.de/,,,,,,,,,,,,,,,
1.531,Neckarzimmern,http://www.neckarzimmern.de/,,,,,,,,,,,,,,,
1.529,Minfeld,http://www.minfeld.de/,76872,Verbandsgemeindewerke Kandel,,"Steinweiler, Pfalz",,http://www.vg-kandel.de/vg_kandel/Verwaltung/Verbandsgemeinde%20Werke/Wasseranalysen%202013.pdf,"5,2","1,5","96,3",19,"4,2","<0,5","6,3","17,9","3,2"
1.513,Gönnheim,http://www.goennheim.de/,67161,Friedelsheimer Gruppe: Wasserwerk Wachenheim,,,,http://www.friedelsheimer-gruppe.de/pdf/14-05-22_Analyse%20Wachenheim.pdf,"7,6","2,7","33,2","6,6",20,17,23,"6,2",1
1.478,Gommersheim,http://www.gommersheim.de/,,,,,,,,,,,,,,,
1.469,Friedelsheim,http://www.friedelsheim.de/,67159,Friedelsheimer Gruppe: Wasserwerk Wachenheim,,Gönnheim,,http://www.friedelsheimer-gruppe.de/pdf/14-05-22_Analyse%20Wachenheim.pdf,"7,6","2,7","33,2","6,6",20,17,23,"6,2",1
1.467,Ruppertsberg,http://www.deutsche-wein-strasse.de/Panorama/Ruppertsberg/ruppertsberg.html,,,,,,,,,,,,,,,
1.442,Esthal,http://www.esthal.de/,,,,,,,,,,,,,,,
1.424,Schweigen-Rechtenbach,http://www.schweigen-rechtenbach.de/,,,,,,,,,,,,,,,
1.422,Gossersweiler-Stein,http://www.gossersweiler-stein.de/,,,,,,,,,,,,,,,
1.382,"Bornheim, Pfalz",http://www.bornheim-pfalz.de/,76879,Zweckverbandes für Wasserversorgung WALSHEIMER GRUPPE: Gruppenwasserwerke Bornheim,http://www.gruppenwasserwerke-bornheim.de/wDeutsch/betrieb/wasserverteilung.php?navanchor=2120005,Offenbach an der Queich,,http://www.gruppenwasserwerke-bornheim.de/bestimmungen_von_elementen.pdf,"5,8","1,1","83,8","17,9",15,"7,1",13,"15,9","hart 2,8"
1.378,Binau,http://www.binau.de/,,,,,,,,,,,,,,,
1.367,Großniedesheim,http://www.grossniedesheim.de/,,,,,,,,,,,,,,,
1.307,Ebertsheim,http://www.ebertsheim.de/,,,,,,,,,,,,,,,
1.307,Erpolzheim,http://www.deutsche-wein-strasse.de/Panorama/Erpolzheim/erpolzheim.html,,,,,,,,,,,,,,,
1.258,Heuchelheim,http://www.heuchelheim.de/,,,,,,,,,,,,,,,
1.236,Ilbesheim b. Landau,http://www.landau-land.de/,,,,,,,,,,,,,,,
1.206,Kallstadt,http://www.kallstadt.de/,,,,,,,,,,,,,,,
1.184,"Oberotterbach, Pfalz",http://www.oberotterbach.de/,,,,,,,,,,,,,,,
1.124,Großkarlbach,http://www.gruenstadt-land.de/,,,,,,,,,,,,,,,
1.117,"Wernersberg, Pfalz",http://www.wernersberg.de/,,,,,,,,,,,,,,,
1.103,"Lindenberg, Pfalz",http://www.vg-lambrecht.de,,,,,,,,,,,,,,,
1.094,Rhodt unter Rietburg,http://www.rhodt.de/,,,,,,,,,,,,,,,
1.085,Freisbach,http://www.freisbach.de/,,,,,,,,,,,,,,,
1.074,"Winden, Pfalz",http://www.vg-kandel.de/vg_kandel/Verbandsgemeinde%20Kandel/Winden/,76872,Verbandsgemeindewerke Kandel,,,,http://www.vg-kandel.de/vg_kandel/Verwaltung/Verbandsgemeinde%20Werke/Wasseranalysen%202013.pdf,"5,4","1,3","83,9",14,"6,5","7,2","7,2",15,"2,7"
1.038,Kindenheim,http://www.kindenheim.de/,,,,,,,,,,,,,,,
1.026,Siebeldingen,http://www.siebeldingen.de/,,,,,,,,,,,,,,,
1.021,Kapsweyer,http://www.kapsweyer.de/,,,,,,,,,,,,,,,
1.012,Knittelsheim,http://www.knittelsheim.de/,,,,,,,,,,,,,,,
972,"Freimersheim, Pfalz",http://www.freimersheim.de/,,,,,,,,,,,,,,,
968,"Ramberg, Pfalz",http://www.ramberg.de/,,,,,,,,,,,,,,,
940,Venningen,http://www.venningen.de/,,,,,,,,,,,,,,,
932,Kleinniedesheim,http://www.kleinniedesheim.de,,,,,,,,,,,,,,,
931,Kapellen-Drusweiler,http://www.kapellen-drusweiler.de/,,,,,,,,,,,,,,,
924,"Dörrenbach, Pfalz",http://www.doerrenbach.de/,,,,,,,,,,,,,,,
924,Heuchelheim-Klingen,http://www.deutsche-wein-strasse.de/Panorama/Heuchelheim-Klingen/heuchelheim-klingen.html,,,,,,,,,,,,,,,
921,Eußerthal,http://www.eusserthal.de/,,,,,,,,,,,,,,,
908,"Frankweiler, Pfalz",http://www.frankweiler-pfalz.de/,,,,,,,,,,,,,,,
904,Kleinkarlbach,http://www.kleinkarlbach.de,,,,,,,,,,,,,,,
897,Göcklingen,http://www.goecklingen.de/,,Zweckverband für Wasserversorgung Impflinger Gruppe: 3 Quellen im Kaiserbachtal,,,,,,,,,,,,,
879,"Neidenfels, Pfalz",http://www.neidenfels.de/,,,,,,,,,,,,,,,
877,Laumersheim,http://www.laumersheim.de/,,,,,,,,,,,,,,,
858,Roschbach,http://www.roschbach.de/,76835,Zweckverbandes für Wasserversorgung WALSHEIMER GRUPPE: Gruppenwasserwerke Bornheim,http://www.gruppenwasserwerke-bornheim.de/wDeutsch/betrieb/wasserverteilung.php?navanchor=2120005,Offenbach an der Queich,,http://www.gruppenwasserwerke-bornheim.de/bestimmungen_von_elementen.pdf,"5,8","1,1","83,8","17,9",15,"7,1",13,"15,9","hart 2,8"
836,Forst a. d. Weinstr.,http://www.forst-pfalz.de/,,,,,,,,,,,,,,,
834,Neuleiningen,http://www.neuleiningen.de/artikel/index_html,,,,,,,,,,,,,,,
831,Bobenheim a. Berg,http://www.bobenheim-am-berg.de/,,,,,,,,,,,,,,,
822,Burrweiler,http://www.burrweiler.de/,,,,,,,,,,,,,,,
816,"Silz, Pfalz",http://www.silz.de/,,,,,,,,,,,,,,,
814,"Tiefenthal, Pfalz",http://www.vg-h.de/,,,,,,,,,,,,,,,
813,Frankeneck,http://www.frankeneck.de/,,,,,,,,,,,,,,,
799,Impflingen,http://www.impflingen.de/,76831,"Zweckverband für Wasserversorgung Impflinger Gruppe: 3 Quellen im Kaiserbachtal, Tiefbrunnen Impflingen; Verbandsgemeindewerke Herxheim: Brunnen Rohrbach, 2 Tiefbrunnen, 2 Brunnen; Zweckverband für Wasserversorgung Germersheimer Südgruppe, Jockgrim",,,,,,,,,,,,,
798,Pleisweiler-Oberhofen,http://www.deutsche-wein-strasse.de/Panorama/PleisweilerOberhofen/pleisweileroberhofen.html,,,,,,,,,,,,,,,
793,Böchingen,http://www.boechingen.de/,,,,,,,,,,,,,,,
777,Quirnheim,http://www.gruenstadt-land.de/,,,,,,,,,,,,,,,
763,"Hainfeld, Pfalz",http://www.hainfeld.de/,,,,,,,,,,,,,,,
728,Birkweiler,http://www.birkweiler.de/,,,,,,,,,,,,,,,
719,Herxheim am Berg,http://www.deutsche-wein-strasse.de/Panorama/Herxheim_a_Berg/herxheim_a_berg.html,,,,,,,,,,,,,,,
708,"Böbingen, Pfalz",http://www.boebingen-pfalz.de/,,,,,,,,,,,,,,,
705,Birkenhördt,http://www.birkenhoerdt.de/,,,,,,,,,,,,,,,
700,"Altdorf, Pfalz",http://www.altdorf-pfalz.de/,,,,,,,,,,,,,,,
692,Erlenbach b. Kandel,http://www.vg-kandel.de,76872,Verbandsgemeindewerke Kandel,,"Kandel, Pfalz",,http://www.vg-kandel.de/vg_kandel/Verwaltung/Verbandsgemeinde%20Werke/Wasseranalysen%202013.pdf,"7,6","2,3","97,4","18,7",10,"0,9",20,18,"3,2"
683,"Scheibenhardt, Pfalz",http://www.scheibenhardt.de/,,,,,,,,,,,,,,,
679,Zwingenberg,http://www.zwingenberg.de/,,,,,,,,,,,,,,,
671,"Eschbach, Pfalz",http://www.eschbachpfalz.de/,,,,,,,,,,,,,,,
654,Ranschbach,http://www.ranschbach.de/,,,,,,,,,,,,,,,
654,Rinnthal,http://www.rinnthal.de/,,,,,,,,,,,,,,,
642,Vorderweidenthal,http://www.vorderweidenthal.de/,,,,,,,,,,,,,,,
632,Großfischlingen,http://www.grossfischlingen.de/,,,,,,,,,,,,,,,
621,Obersülzen,http://www.obersuelzen.de/,,,,,,,,,,,,,,,
597,Gleisweiler,http://www.gleisweiler.de/,,,,,,,,,,,,,,,
594,"Völkersweiler, Pfalz",http://www.trifelsland.de,,,,,,,,,,,,,,,
586,Barbelroth,http://www.barbelroth.de,,,,,,,,,,,,,,,
566,Schweighofen,http://www.bad-bergzabern.de/,,,,,,,,,,,,,,,
564,Dierbach,http://www.gemeinde-dierbach.de/,,,,,,,,,,,,,,,
525,"Walsheim, Pfalz",http://www.walsheim-pfalz.de/,76833,Zweckverbandes für Wasserversorgung WALSHEIMER GRUPPE: Gruppenwasserwerke Bornheim,http://www.gruppenwasserwerke-bornheim.de/wDeutsch/betrieb/wasserverteilung.php?navanchor=2120005,Offenbach an der Queich,,http://www.gruppenwasserwerke-bornheim.de/bestimmungen_von_elementen.pdf,"5,8","1,1","83,8","17,9",15,"7,1",13,"15,9","hart 2,8"
504,Niederhorbach,http://www.niederhorbach.de/,,,,,,,,,,,,,,,
491,Herxheimweyher b. Landau,http://www.herxheimweyher.de/,,,,,,,,,,,,,,,
482,Weyher i. d. Pfalz,http://www.weyher.de/,,,,,,,,,,,,,,,
467,"Knöringen, Pfalz",http://www.landau-land.de/buerger/og/knoeringen.html,,,,,,,,,,,,,,,
463,Heddesbach,http://www.heddesbach.de/,,,,,,,,,,,,,,,
442,"Dernbach, Pfalz",http://www.dernbach-pfalz.de/,,,,,,,,,,,,,,,
441,Dackenheim,http://www.deutsche-wein-strasse.de/Panorama/Dackenheim/dackenheim.html,,,,,,,,,,,,,,,
435,Bissersheim,http://www.gruenstadt-land.de/,,,,,,,,,,,,,,,
403,Mertesheim,http://www.gruenstadt-land.de/,,,,,,,,,,,,,,,
401,"Battenberg, Pfalz",http://www.vg-gruenstadt-land.de/,,,,,,,,,,,,,,,
394,Flemlingen,http://www.deutsche-wein-strasse.de/Panorama/Flemlingen/flemlingen.html,,,,,,,,,,,,,,,
393,Leinsweiler,http://www.leinsweiler.de/,,,,,,,,,,,,,,,
383,Oberhausen b. Bad Bergzabern,http://www.bad-bergzaberner-land.de/die-region/suedliche-weinstrasse/oberhausen.html,,,,,,,,,,,,,,,
383,Waldrohrbach,http://www.trifelsland.de,,Zweckverband für Wasserversorgung Impflinger Gruppe: 3 Quellen im Kaiserbachtal,,,,,,,,,,,,,
347,"Waldhambach, Pfalz",http://www.trifelsland.de,,Zweckverband für Wasserversorgung Impflinger Gruppe: 3 Quellen im Kaiserbachtal,,,,,,,,,,,,,
323,Niederotterbach,http://www.niederotterbach.de/,,,,,,,,,,,,,,,
264,Kleinfischlingen,http://www.kleinfischlingen.de/,,,,,,,,,,,,,,,
244,Hergersweiler,http://www.hergersweiler.de/,,,,,,,,,,,,,,,
242,Böllenborn,http://www.pfalzparadies.de/,,,,,,,,,,,,,,,
217,Vollmersweiler,http://www.vg-kandel.de,,,,,,,,,,,,,,,
207,Münchweiler a. Klingenbach,http://www.vg-annweiler.de,,,,,,,,,,,,,,,
139,Oberschlettenbach,http://www.oberschlettenbach.de/,,,,,,,,,,,,,,,
,Kreis Bergstraße,http://www.kreis-bergstrasse.de/,,,,,,,,,,,,,,,
,Landkreis Bad Dürkheim,http://www.kreis-bad-duerkheim.de/,,,,,,,,,,,,,,,
,Landkreis Germersheim,http://www.kreis-germersheim.de/,,,,,,,,,,,,,,,
,Landkreis Südliche Weinstraße,http://www.suedliche-weinstrasse.de/,,,,,,,,,,,,,,,
,Neckar-Odenwald-Kreis,http://www.neckar-odenwald-kreis.de/,,,,,,,,,,,,,,,
,Rhein-Neckar-Kreis,http://www.rhein-neckar-kreis.de/,,,,,,,,,,,,,,,
,Rhein-Pfalz-Kreis,http://www.rhein-pfalz-kreis.de/,,,,,,,,,,,,,,,
,"St. Martin, Pfalz",http://www.sankt-martin.de/,,,,,,,,,,,,,,,