Stadt;Ortsteil;Straße;Zone;Härtegrad;Natrium;Kalium;Calcium;Magnesium;Chlorid;Nitrat;Sulfat;Anmerkungen;Jahresmittelwerte;Quelle
Abstatt;Abstatt;;;;;;;;;;;;;
Abstatt;Happenbach;;;15,7;;;;;;13;;;2013;Haupthochbehälter Stettenfels, Mischwasser aus Bodenseewasser und Pumpwerk Auenstein
Abstatt;Vohenlohe;;;15,7;;;;;;13;;;2013;Haupthochbehälter Stettenfels, Mischwasser aus Bodenseewasser und Pumpwerk Auenstein
Bad Friedrichshall;Duttenberg;;;12,9;14,9;2,1;68,4;14,3;27,9;10;53,2;;2013;Mischwasser, 50 % Bodensee, 50 % Eigenwasser
Bad Friedrichshall;Hagenbach;;;16;7,8;1,3;87,8;15,9;22;20,7;45,3;;2013;Mischwasser, 50 % Bodensee, 50 % Eigenwasser
Bad Friedrichshall;Jagstfeld;;;16;7,8;1,3;87,8;15,9;22;20,7;45,3;;2013;Mischwasser, 50 % Bodensee, 50 % Eigenwasser
Bad Friedrichshall;Plattenwald;;;11,9;5,7;1,4;64,7;12,4;14,6;16,1;37,9;;2013;Mischwasser, 50 % Bodensee, 50 % Eigenwasser
Bad Friedrichshall;Untergriesheim;;;14,9;6,6;1,3;81,7;14,8;20;20,4;40,1;;2013;Mischwasser, 50 % Bodensee, 50 % Eigenwasser
Bad Rappenau;Babstadt;;;12,9;16,1;2,2;68,8;14,1;30,7;13,9;48,5;;2014;Mischwasser
Bad Rappenau;Bonfeld;;;12,9;16,1;2,2;68,8;14,1;30,7;13,9;48,5;;2014;Mischwasser
Bad Rappenau;Fürfeld;;;12,9;16,1;2,2;68,8;14,1;30,7;13,9;48,5;;2014;Mischwasser
Bad Rappenau;Grombach;;;12,9;16,1;2,2;68,8;14,1;30,7;13,9;48,5;;2014;Mischwasser
Bad Rappenau;Heinsheim;;;12,9;16,1;2,2;68,8;14,1;30,7;13,9;48,5;;2014;Mischwasser
Bad Rappenau;Kernstadt;;;12,9;16,1;2,2;68,8;14,1;30,7;13,9;48,5;;2014;Mischwasser
Bad Rappenau;Obergimpern;;;12,1;17,9;2,5;67,2;11,8;30,5;14,4;47,9;;2014;Mischwasser
Bad Rappenau;Treschklingen;;;12,9;16,1;2,2;68,8;14,1;30,7;13,9;48,5;;2014;Mischwasser
Bad Rappenau;Wollenberg;;;12,1;17,9;2,5;67,2;11,8;30,5;14,4;47,9;;2014;Mischwasser
Bad Wimpfen;;;;;;;;;;;;;;
Beilstein;;;;;;;;;;;;;;
Brackenheim;Botenheim;;;13,21;12,4;1,8;102;24,9;25,7;25,6;105;;2012;Hochbehälter Muckenloch, Mischwasser
Brackenheim;Brackenheim;;;13,21;12,4;1,8;102;24,9;25,7;25,6;105;Bereiche etwas unklar, http://www.brackenheim.de/index.php?id=495;2012;Hochbehälter Muckenloch, Mischwasser
Brackenheim;Dürrenzimmern;;;13,21;12,4;1,8;102;24,9;25,7;25,6;105;;2012;Hochbehälter Muckenloch, Mischwasser
Brackenheim;Hausen;;;13,21;12,4;1,8;102;24,9;25,7;25,6;105;;2012;Hochbehälter Muckenloch, Mischwasser
Brackenheim;Meimsheim;;;13,21;12,4;1,8;102;24,9;25,7;25,6;105;;2012;Hochbehälter Muckenloch, Mischwasser
Brackenheim;Neipperg;;;9;5,4;1,4;50;8;7,2;4,3;33;;2013;Reines Bodenseewasser
Brackenheim;Stocksberg Haberschlacht;;;9;5,4;1,4;50;8;7,2;4,3;33;;2013;Reines Bodenseewasser
Brackenheim;Stocksberg Stockheim;;;9;5,4;1,4;50;8;7,2;4,3;33;;2013;Reines Bodenseewasser
Cleebronn;;;;25,3;12,2;2,1;120,3;36,7;11,4;7,9;247;Grenzwert Sulfat 250!;2012;Mischwasser
Eberstadt;;;;'23-25;13;'2-3;'100-120;'34-37;29;'19-20;'137-145;;2013;Mischwasser, 50 % Bodensee, 50 % Eigenwasser
Ellhofen;;;;14,9;7,3;2;75,6;18,8;12,8;11,3;73,1;;2013;
Eppingen;Adelshofen;;;20,1;6,8;1,6;106;22,8;30,5;29,9;45,7;;2014;Mischwasser
Eppingen;Elsenz;;;20,1;6,8;1,6;106;22,8;30,5;29,9;45,7;;2014;Mischwasser
Eppingen;Kernstadt;;;20,1;6,8;1,6;106;22,8;30,5;29,9;45,7;;2014;Mischwasser
Eppingen;Kleingartach;;;20,1;6,8;1,6;106;22,8;30,5;29,9;45,7;;2014;Mischwasser
Eppingen;Mühlbach;;;18,5;5,91;1,48;90,8;25,1;22,2;27,4;41,8;;2014;Mischwasser
Eppingen;Richen;;;20,1;6,8;1,6;106;22,8;30,5;29,9;45,7;;2014;Mischwasser
Eppingen;Rohrbach;;;20,1;6,8;1,6;106;22,8;30,5;29,9;45,7;;2014;Mischwasser
Erlenbach;;;;17,1;7,1;1,7;87,4;21;11,3;9,7;121;;2012;Mischwasser, 80 % NOW (Zweckverband Wasserversorgung Nordostwürttemberg), 20 % Eigenwasser
Flein;;;;9;5,2;1,4;48;8;7;4,2;34;;2012;100 % Bodenseewasser
Gemmingen;;;;12,9;16,1;2,2;68,8;14,1;30,7;13,9;48,5;;2014;Mischwasser
Gochsen;;;;22;12;1,4;105;31;46;22;34;;2013;Eigenwasser
Güglingen;;;;16,3;7;1,5;80,7;21,7;17;17,5;55,3;;2013;Mischwasser, 60 % Eigenwasser, 40 % Bodenseewasser
Gundelsheim;;;;;;;;;;;;2 mal angefragt;;
Hardthausen;;;;;;;;;;;;angefragt;;
Haßmersheim;Haßmersheim;;;12,9;23,7;2,9;71,6;12,5;39,2;19,9;55,7;;2014;Mischwasser
Haßmersheim;Hochhausen;;;9;5,2;1,4;48;8;7;4,2;35;;2014;Mischwasser
Haßmersheim;Neckarmühlbach;;;12,9;23,7;2,9;71,6;12,5;39,2;19,9;55,7;;2014;Mischwasser
Hüffenhardt;;;;12,1;17,9;2,5;67,2;11,8;30,5;14,4;47,9;;2014;Mischwasser
Ilsfeld;Abstetterhof;;;15,7;;;;;;13;;;2013;Haupthochbehälter Stettenfels, Mischwasser aus Bodenseewasser und Pumpwerk Auenstein
Ilsfeld;Auenstein;;;15,7;;;;;;13;;;2013;Haupthochbehälter Stettenfels, Mischwasser aus Bodenseewasser und Pumpwerk Auenstein
Ilsfeld;Helfenberg;;;15,7;;;;;;13;;;2013;Haupthochbehälter Stettenfels, Mischwasser aus Bodenseewasser und Pumpwerk Auenstein
Ilsfeld;Ilsfeld;;;18,1;7,9;2,5;92,5;22,7;28,6;21,3;67,4;;2012;Mischwasser, 60% Bodenseewasser, 40% Eigenwasser
Ilsfeld;Raststätten Wunnenstein;;;15,7;;;;;;13;;;2013;Haupthochbehälter Stettenfels, Mischwasser aus Bodenseewasser und Pumpwerk Auenstein
Ilsfeld;Schozach;;;;;;;;;;;;2012;Reines Bodenseewasser
Ilsfeld;Wüstenhausen;;;15,7;;;;;;13;;;2013;Haupthochbehälter Stettenfels, Mischwasser aus Bodenseewasser und Pumpwerk Auenstein
Ittlingen;;;;20,1;6,8;1,6;106;22,8;30,5;29,9;45,7;;2014;Mischwasser
Jagsthausen;;;;26,2;11;1,5;146;25;25;30,6;165;Info-Text!;2013;100 % Eigenwasser
Kirchardt;;;;20,1;6,8;1,6;106;22,8;30,5;29,9;45,7;;2014;Mischwasser
Kochendorf Hoch/Tiefzone;;;;;;;;;;;;;;
Kochendorf Nord;;;;;;;;;;;;;;
Kochersteinsfeld;;Ahornweg;Hochzone;19;8,6;1,1;95;23;19;16;27;;2013;Eigenwasser
Kochersteinsfeld;;Akazienweg;Hochzone;19;8,6;1,1;95;23;19;16;27;;2013;Eigenwasser
Kochersteinsfeld;;Am Riegelberg;Hochzone;19;8,6;1,1;95;23;19;16;27;;2013;Eigenwasser
Kochersteinsfeld;;Birkenweg;Hochzone;19;8,6;1,1;95;23;19;16;27;;2013;Eigenwasser
Kochersteinsfeld;;Buchenweg;Hochzone;19;8,6;1,1;95;23;19;16;27;;2013;Eigenwasser
Kochersteinsfeld;;Dürerweg;Hochzone;19;8,6;1,1;95;23;19;16;27;;2013;Eigenwasser
Kochersteinsfeld;;Eichenweg;Hochzone;19;8,6;1,1;95;23;19;16;27;;2013;Eigenwasser
Kochersteinsfeld;;Forststraße;Hochzone;19;8,6;1,1;95;23;19;16;27;;2013;Eigenwasser
Kochersteinsfeld;;Friedhofstraße;Hochzone;19;8,6;1,1;95;23;19;16;27;;2013;Eigenwasser
Kochersteinsfeld;;Gartenweg;Hochzone;19;8,6;1,1;95;23;19;16;27;;2013;Eigenwasser
Kochersteinsfeld;;Geisbergstraße;Hochzone;19;8,6;1,1;95;23;19;16;27;;2013;Eigenwasser
Kochersteinsfeld;;Harnischgasse;Hochzone;19;8,6;1,1;95;23;19;16;27;;2013;Eigenwasser
Kochersteinsfeld;;Im Leimental;Hochzone;19;8,6;1,1;95;23;19;16;27;;2013;Eigenwasser
Kochersteinsfeld;;Im Vogelsang;Hochzone;19;8,6;1,1;95;23;19;16;27;;2013;Eigenwasser
Kochersteinsfeld;;In den Hofäckern;Hochzone;19;8,6;1,1;95;23;19;16;27;;2013;Eigenwasser
Kochersteinsfeld;;Kandinskyweg;Hochzone;19;8,6;1,1;95;23;19;16;27;;2013;Eigenwasser
Kochersteinsfeld;;Kernerweg;Hochzone;19;8,6;1,1;95;23;19;16;27;;2013;Eigenwasser
Kochersteinsfeld;;Lampoldshauser Straße;Hochzone;19;8,6;1,1;95;23;19;16;27;;2013;Eigenwasser
Kochersteinsfeld;;Lembergerweg;Hochzone;19;8,6;1,1;95;23;19;16;27;;2013;Eigenwasser
Kochersteinsfeld;;Paul-Klee-Weg;Hochzone;19;8,6;1,1;95;23;19;16;27;;2013;Eigenwasser
Kochersteinsfeld;;Pfahlgasse;Hochzone;19;8,6;1,1;95;23;19;16;27;;2013;Eigenwasser
Kochersteinsfeld;;Picassostraße;Hochzone;19;8,6;1,1;95;23;19;16;27;;2013;Eigenwasser
Kochersteinsfeld;;Rembrandtstraße;Hochzone;19;8,6;1,1;95;23;19;16;27;;2013;Eigenwasser
Kochersteinsfeld;;Rieslingweg;Hochzone;19;8,6;1,1;95;23;19;16;27;;2013;Eigenwasser
Kochersteinsfeld;;Rubensweg;Hochzone;19;8,6;1,1;95;23;19;16;27;;2013;Eigenwasser
Kochersteinsfeld;;Ruländerweg;Hochzone;19;8,6;1,1;95;23;19;16;27;;2013;Eigenwasser
Kochersteinsfeld;;Schafgrabenweg;Hochzone;19;8,6;1,1;95;23;19;16;27;;2013;Eigenwasser
Kochersteinsfeld;;Schafhausweg;Hochzone;19;8,6;1,1;95;23;19;16;27;;2013;Eigenwasser
Kochersteinsfeld;;Silvanerweg;Hochzone;19;8,6;1,1;95;23;19;16;27;;2013;Eigenwasser
Kochersteinsfeld;;Van-Gogh-Straße;Hochzone;19;8,6;1,1;95;23;19;16;27;;2013;Eigenwasser
Kochersteinsfeld;;Bahnhofstraße;Niederzone;23;15;1,3;120;27;57;30;33;;2013;Eigenwasser
Kochersteinsfeld;;Finkenstraße;Niederzone;23;15;1,3;120;27;57;30;33;;2013;Eigenwasser
Kochersteinsfeld;;Forststraße;Niederzone;23;15;1,3;120;27;57;30;33;;2013;Eigenwasser
Kochersteinsfeld;;Gartenweg;Niederzone;23;15;1,3;120;27;57;30;33;;2013;Eigenwasser
Kochersteinsfeld;;Häldenweg;Niederzone;23;15;1,3;120;27;57;30;33;;2013;Eigenwasser
Kochersteinsfeld;;Hintere Gasse;Niederzone;23;15;1,3;120;27;57;30;33;;2013;Eigenwasser
Kochersteinsfeld;;Im Vogelsang;Niederzone;23;15;1,3;120;27;57;30;33;;2013;Eigenwasser
Kochersteinsfeld;;Keltergasse;Niederzone;23;15;1,3;120;27;57;30;33;;2013;Eigenwasser
Kochersteinsfeld;;Kirchgasse;Niederzone;23;15;1,3;120;27;57;30;33;;2013;Eigenwasser
Kochersteinsfeld;;Lerchenstraße;Niederzone;23;15;1,3;120;27;57;30;33;;2013;Eigenwasser
Kochersteinsfeld;;Mittlere Gasse;Niederzone;23;15;1,3;120;27;57;30;33;;2013;Eigenwasser
Kochersteinsfeld;;Neuenstadter Straße;Niederzone;23;15;1,3;120;27;57;30;33;;2013;Eigenwasser
Kochersteinsfeld;;Öhringer Straße;Niederzone;23;15;1,3;120;27;57;30;33;;2013;Eigenwasser
Lampoldshausen;;Brückenstraße;Hochzone;21;9,1;1,5;106;25;21;17;27;;2013;Eigenwasser
Lampoldshausen;;Brunnensteige;Hochzone;21;9,1;1,5;106;25;21;17;27;;2013;Eigenwasser
Lampoldshausen;;Eichbrunnenweg;Hochzone;21;9,1;1,5;106;25;21;17;27;;2013;Eigenwasser
Lampoldshausen;;Habergasse;Hochzone;21;9,1;1,5;106;25;21;17;27;;2013;Eigenwasser
Lampoldshausen;;Hagnerweg;Hochzone;21;9,1;1,5;106;25;21;17;27;;2013;Eigenwasser
Lampoldshausen;;Im Bistenweiler;Hochzone;21;9,1;1,5;106;25;21;17;27;;2013;Eigenwasser
Lampoldshausen;;Im Krebsgarten;Hochzone;21;9,1;1,5;106;25;21;17;27;;2013;Eigenwasser
Lampoldshausen;;Im Weingarten;Hochzone;21;9,1;1,5;106;25;21;17;27;;2013;Eigenwasser
Lampoldshausen;;Klingenstraße;Hochzone;21;9,1;1,5;106;25;21;17;27;;2013;Eigenwasser
Lampoldshausen;;Kochersteinsfelder Straße ab Nr. 41;Hochzone;21;9,1;1,5;106;25;21;17;27;;2013;Eigenwasser
Lampoldshausen;;Lamprechtstraße;Hochzone;21;9,1;1,5;106;25;21;17;27;;2013;Eigenwasser
Lampoldshausen;;Möglinger Straße;Hochzone;21;9,1;1,5;106;25;21;17;27;;2013;Eigenwasser
Lampoldshausen;;Schalrainweg;Hochzone;21;9,1;1,5;106;25;21;17;27;;2013;Eigenwasser
Lampoldshausen;;Schöntaler Straße;Hochzone;21;9,1;1,5;106;25;21;17;27;;2013;Eigenwasser
Lampoldshausen;;Schulstraße;Hochzone;21;9,1;1,5;106;25;21;17;27;;2013;Eigenwasser
Lampoldshausen;;Sonnenweg;Hochzone;21;9,1;1,5;106;25;21;17;27;;2013;Eigenwasser
Lampoldshausen;;Ziegelsteige;Hochzone;21;9,1;1,5;106;25;21;17;27;;2013;Eigenwasser
Lampoldshausen;;Züttlinger Straße;Hochzone;21;9,1;1,5;106;25;21;17;27;;2013;Eigenwasser
Lampoldshausen;;Brunnenstraße;Niederzone;19;8,6;1,1;95;23;19;16;27;;2013;Eigenwasser
Lampoldshausen;;Gochsener Straße;Niederzone;19;8,6;1,1;95;23;19;16;27;;2013;Eigenwasser
Lampoldshausen;;Kochersteinsfelder Straße bis Nr. 40;Niederzone;19;8,6;1,1;95;23;19;16;27;;2013;Eigenwasser
Langenbrettach;;;;'18-20;;;;;;;;2mal angefragt;;
Lauffen am Neckar;;;;9;5,2;1,4;48;8;7,1;4,5;35;;2013;Bodenseewasser
Lehrensteinsfeld;;;;9;;;;;;;;2mal angefragt;;
Leingarten;;;;25;13;6,5;128;33;45;27;93;;2013;Mischwasser, 74% Eigenwasser, 26% Bodensee
Löwenstein;Hirrweiler;;;16;k.A.;k.A.;65;31;;6,8;18;;k. A.;k. A.
Löwenstein;Hößlinsülz;;;9;k.A.;k.A.;48;7,7;;4,8 ;36;;k. A.;100 % Bodenseewasser
Löwenstein;Kernstadt;;;14;k.A.;k.A.;59;25;;8;21;Restl. Werte bei Herr Mögerle anfragen 0174 3472501;k. A.;Mischwasser, 60 % Eigenwasser, 40 % Bodenseewasser
Löwenstein;Reißach;;;14;k.A.;k.A.;61;24;;8;30;;k. A.;Mischwasser
Löwenstein;Rittelhof;;;9;k.A.;k.A.;48;7,7;;4,8 ;36;;k. A.;100 % Bodenseewasser
Löwenstein;Seemühle;;;9;k.A.;k.A.;48;7,7;;4,8 ;36;;k. A.;100 % Bodenseewasser
Massenbach;;;;24;;;;;;;;;;
Massenbachhausen;;;;24;;;;;;;;angefragt;;
Möckmühl;;;;;;;;;;;;angefragt;;
Neckarbischofsheim;Helmhof;;;12,1;17,9;2,5;67,2;11,8;30,5;14,4;47,9;;2014;Mischwasser
Neckarbischofsheim;Kernstadt;;;12,7;7,1;1,1;65,3;15,7;15,4;17,4;16,3;;2014;Mischwasser
Neckarbischofsheim;Untergimpern;;;12,1;17,9;2,5;67,2;11,8;30,5;14,4;47,9;;2014;Mischwasser
Neckarsulm;Amorbach;;;16,1;7,1;1,5;83,1;19,6;;10,8;80,3;;2013;Mischwasser, 70 % Bodenseewasser, 30 % Eigenwasser
Neckarsulm;Dahenfeld;;;11,6;6,3;1,5;62,9;12,1;;6,2;47,4;;;
Neckarsulm;Obereisesheim;;;17,9;23;3;100;17;;8,2;94,3;;;
Neckarsulm;Kernstadt;Amselweg;Zone 1;12,9;6,7;1,3;68,7;14,2;;7;53;;;
Neckarsulm;Kernstadt;Christian-Rieker-Str.;Zone 1;12,9;6,7;1,3;68,7;14,2;;7;53;;;
Neckarsulm;Kernstadt;Damaschkestr.;Zone 1;12,9;6,7;1,3;68,7;14,2;;7;53;;;
Neckarsulm;Kernstadt;Dammstr.;Zone 1;12,9;6,7;1,3;68,7;14,2;;7;53;;;
Neckarsulm;Kernstadt;Drosselweg;Zone 1;12,9;6,7;1,3;68,7;14,2;;7;53;;;
Neckarsulm;Kernstadt;Elsternweg;Zone 1;12,9;6,7;1,3;68,7;14,2;;7;53;;;
Neckarsulm;Kernstadt;Erzbergerstr.;Zone 1;12,9;6,7;1,3;68,7;14,2;;7;53;;;
Neckarsulm;Kernstadt;Eulenweg;Zone 1;12,9;6,7;1,3;68,7;14,2;;7;53;;;
Neckarsulm;Kernstadt;Falkenstr.;Zone 1;12,9;6,7;1,3;68,7;14,2;;7;53;;;
Neckarsulm;Kernstadt;Felix-Wankel-Str.;Zone 1;12,9;6,7;1,3;68,7;14,2;;7;53;;;
Neckarsulm;Kernstadt;Finkenweg;Zone 1;12,9;6,7;1,3;68,7;14,2;;7;53;;;
Neckarsulm;Kernstadt;Friedrich-Ebert-Str.;Zone 1;12,9;6,7;1,3;68,7;14,2;;7;53;;;
Neckarsulm;Kernstadt;Frühmeßgasse;Zone 1;12,9;6,7;1,3;68,7;14,2;;7;53;;;
Neckarsulm;Kernstadt;Gottlieb-Daimler-Str.;Zone 1;12,9;6,7;1,3;68,7;14,2;;7;53;;;
Neckarsulm;Kernstadt;Gottlob-Banzhaf-Str.;Zone 1;12,9;6,7;1,3;68,7;14,2;;7;53;;;
Neckarsulm;Kernstadt;Grabenstr.;Zone 1;12,9;6,7;1,3;68,7;14,2;;7;53;;;
Neckarsulm;Kernstadt;Hafenstr.;Zone 1;12,9;6,7;1,3;68,7;14,2;;7;53;;;
Neckarsulm;Kernstadt;Hezenbergstr.;Zone 1;12,9;6,7;1,3;68,7;14,2;;7;53;;;
Neckarsulm;Kernstadt;Im Vogelsang;Zone 1;12,9;6,7;1,3;68,7;14,2;;7;53;;;
Neckarsulm;Kernstadt;Kochendorfer Str.;Zone 1;12,9;6,7;1,3;68,7;14,2;;7;53;;;
Neckarsulm;Kernstadt;Martin-Fischel-Str.;Zone 1;12,9;6,7;1,3;68,7;14,2;;7;53;;;
Neckarsulm;Kernstadt;Neuenstädter Str.;Zone 1;12,9;6,7;1,3;68,7;14,2;;7;53;;;
Neckarsulm;Kernstadt;NSU-Str.;Zone 1;12,9;6,7;1,3;68,7;14,2;;7;53;;;
Neckarsulm;Kernstadt;NSU-Einfahrbahn;Zone 1;12,9;6,7;1,3;68,7;14,2;;7;53;;;
Neckarsulm;Kernstadt;Pfarrgasse;Zone 1;12,9;6,7;1,3;68,7;14,2;;7;53;;;
Neckarsulm;Kernstadt;Plattenwaldweg;Zone 1;12,9;6,7;1,3;68,7;14,2;;7;53;;;
Neckarsulm;Kernstadt;Schwalbenweg;Zone 1;12,9;6,7;1,3;68,7;14,2;;7;53;;;
Neckarsulm;Kernstadt;Seestraße;Zone 1;12,9;6,7;1,3;68,7;14,2;;7;53;;;
Neckarsulm;Kernstadt;Spitalstr.;Zone 1;12,9;6,7;1,3;68,7;14,2;;7;53;;;
Neckarsulm;Kernstadt;Spohnstr.;Zone 1;12,9;6,7;1,3;68,7;14,2;;7;53;;;
Neckarsulm;Kernstadt;Steinachstr.;Zone 1;12,9;6,7;1,3;68,7;14,2;;7;53;;;
Neckarsulm;Kernstadt;Sudetenweg;Zone 1;12,9;6,7;1,3;68,7;14,2;;7;53;;;
Neckarsulm;Kernstadt;Untere Neckarstr.;Zone 1;12,9;6,7;1,3;68,7;14,2;;7;53;;;
Neckarsulm;Kernstadt;Viktor-Brunner-Str.;Zone 1;12,9;6,7;1,3;68,7;14,2;;7;53;;;
Neckarsulm;Kernstadt;Wachterstraße;Zone 1;12,9;6,7;1,3;68,7;14,2;;7;53;;;
Neckarsulm;Kernstadt;Weidachstraße;Zone 1;12,9;6,7;1,3;68,7;14,2;;7;53;;;
Neckarsulm;Kernstadt;alle anderen Straßen;Zone 2;16,1;7,1;1,5;83,1;19,6;;10,8;80,3;;;
Neckarwestheim;;;;9;5,2;1,4;48;8;7;4,2;34;;2012;100 % Bodenseewasser
Neudenau-Stadt;;;;21;7,7;1,5;122;16;17;19;67;;;
Neuenstadt am Kocher;;;;;;;;;;;;angefragt;;
Nordheim;;;;14;7;2;70;17;16;13;35;;k. A.;Mischwasser
Obersulm;Affaltrach;;;9,4;;;51,8;9,5;;4,4;33;;k.A.;100 % Bodenseewasser
Obersulm;Eichelberg;;;11,9;;;55,8;17,6;;5,9;29;;k.A.;Mischwasser, 50 % Eigenwasser, 50 % Bodenseewasser
Obersulm;Eschenau;;;9,4;;;51,8;9,5;;4,4;33;;k.A.;100 % Bodenseewasser
Obersulm;Obersulm;;;;;;;;;;;angefragt;;
Obersulm;Sülzbach;;;9,4;;;51,8;9,5;;4,4;33;;k.A.;100 % Bodenseewasser
Obersulm;Weiler;;;11,9;;;55,8;17,6;;5,9;29;;k.A.;Mischwasser, 50 % Eigenwasser, 50 % Bodenseewasser
Obersulm;Willsbach;;;9,4;;;51,8;9,5;;4,4;33;;k.A.;100 % Bodenseewasser
Offenau;;;;12,9;16,1;2,2;68,8;14,1;30,7;13,9;48,5;;2014;Mischwasser
Pfaffenhofen;;;;;;;;;;;;angefragt;;
Roigheim;;;;;;;;;;;;angefragt;;
Schwaigern;;;;21,56;;;;;;19;;2mal angefragt;;
Siegelsbach;;;;12,1;17,9;2,5;67,2;11,8;30,5;14,4;47,9;;2014;Mischwasser
Siegelsbach;;;;12,1;17,9;2,5;67,2;11,8;30,5;14,4;47,9;;2014;Mischwasser
Talheim;;;;9;5,2;1,4;48;8;7;4,2;34;;2012;100 % Bodenseewasser
Untereisesheim;;;; 15;5,9;1,4 ;84;17 ;15;18 ;35;;2013;100 % Bodenseewasser
Untergruppenbach;Donnbronn;;;9,2;;;;;;6;;;2013;Hochbehälter Egelsee, Reines Bodenseewasser
Untergruppenbach;Obergruppenbach;;;15,8;7,5;2;83;18;18;15;65;;;
Untergruppenbach;Oberheinriet;;;15,5;;;;;;7,8;;;2013;Hochbehälter Unterheinriet, Mischwasser aus Bodenseewasser und Quellwasser der Heumadenquelle
Untergruppenbach;Untergruppenbach;;;14,9;5,3;1,6;80;17;16;13;52;;;
Untergruppenbach;Unterheinriet;;;15,5;;;;;;7,8;;;2013;Hochbehälter Unterheinriet, Mischwasser aus Bodenseewasser und Quellwasser der Heumadenquelle
Untergruppenbach;Vorhof;;;14,6;;;;;;11;;;2013;Pumpwerk Vorhof, Quellwasser aus der Heumadenquelle
Weinsberg;Grantschen;;;'8,5-9;'5-6;'1-2;'48-52;'7-9;'8-9;'5-7;'32;;2013;Bodenseewasser
Weinsberg;;;;8,5-9;'5-6;'1-2;48-52;'7-9;'8-9;'5-7;32;;2010;Bodenseewasser
Widdern;;;;;;;;;;;;angefragt;;
Wüstenrot;;;;;;;;;;;;angefragt;;
Zaberfeld;Michelbach;;;9;;;;;;;;;;
Zaberfeld;Ochsenburg;;;21,1;;;;;;;;;;
Zaberfeld;Zaberfeld;Alle anderen Str.;Zone 2;9,3;;;;;;;;;;
Zaberfeld;Zaberfeld;Am Spitzenberg;Zone 1;19,1;;;;;;;;;;
Zaberfeld;Zaberfeld;Bahnhofstraße;Zone 1;19,1;;;;;;;;;;
Zaberfeld;Zaberfeld;Hauptstraße;Zone 1;19,1;;;;;;;;;;
Zaberfeld;Zaberfeld;Leonbronner Straße;Zone 1;19,1;;;;;;;;;;
Zaberfeld;Zaberfeld;Sonnengasse;Zone 1;19,1;;;;;;;;;;
Heilbronn;;Aachener Straße;10;10;6-7;1-2;55-60;11-12;9-10;8-9;91-92;;;
Heilbronn;;Achtungstraße;14-18;14-18;6-12;1-3;80-92;14-20;20-25;18-22;37-57;;;
Heilbronn;;Adelberger Straße;14-18;14-18;6-12;1-3;80-92;14-20;20-25;18-22;37-57;;;
Heilbronn;;Adenauerplatz;14-18;14-18;6-12;1-3;80-92;14-20;20-25;18-22;37-57;;;
Heilbronn;;Adlerstraße;14-18;14-18;6-12;1-3;80-92;14-20;20-25;18-22;37-57;;;
Heilbronn;;Adolf-Alter Straße;14;14;7;2;70;17;16;13;35;;;
Heilbronn;;Adolf-Grimme-Straße;10;10;6-7;1-2;55-60;11-12;9-10;8-9;91-92;;;
Heilbronn;;Äußere Mausklinge;9;9;5-6;1-2;48-52;7-9;8-9;5-7;32;;;
Heilbronn;;Äußerer Pfühl;9;9;5-6;1-2;48-52;7-9;8-9;5-7;32;;;
Heilbronn;;Äußerer Steinweg;9;9;5-6;1-2;48-52;7-9;8-9;5-7;32;;;
Heilbronn;;Äußerer Wolfsgraben;14;14;7;2;70;17;16;13;35;;;
Heilbronn;;Agnese-Schebest-Straße;9;9;5-6;1-2;48-52;7-9;8-9;5-7;32;;;
Heilbronn;;Ahornweg;14;14;7;2;70;17;16;13;35;;;
Heilbronn;;Aiblinger Straße;14;14;7;2;70;17;16;13;35;;;
Heilbronn;;Akazienweg;10;10;6-7;1-2;55-60;11-12;9-10;8-9;91-92;;;
Heilbronn;;Albertistraße;14-18;14-18;6-12;1-3;80-92;14-20;20-25;18-22;37-57;;;
Heilbronn;;Albert-Schäffler-Straße;14;14;7;2;70;17;16;13;35;;;
Heilbronn;;Albert-Schweitzer-Straße;10;10;6-7;1-2;55-60;11-12;9-10;8-9;91-92;;;
Heilbronn;;Albert-Wagner-Straße;14;14;7;2;70;17;16;13;35;;;
Heilbronn;;Alemannenstraße;9;9;5-6;1-2;48-52;7-9;8-9;5-7;32;;;
Heilbronn;;Alexanderstraße;9;9;5-6;1-2;48-52;7-9;8-9;5-7;32;;;
Heilbronn;;Alexander-Baumann-Straße;10;10;6-7;1-2;55-60;11-12;9-10;8-9;91-92;;;
Heilbronn;;Alfred-Finkbeiner-Straße;14-18;14-18;6-12;1-3;80-92;14-20;20-25;18-22;37-57;;;
Heilbronn;;Alfred-Minner-Straße;14-18;14-18;6-12;1-3;80-92;14-20;20-25;18-22;37-57;;;
Heilbronn;;Allee;14-18;14-18;6-12;1-3;80-92;14-20;20-25;18-22;37-57;;;
Heilbronn;;Allensteiner Weg;14;14;7;2;70;17;16;13;35;;;
Heilbronn;;Allerheiligenstraße;14-18;14-18;6-12;1-3;80-92;14-20;20-25;18-22;37-57;;;
Heilbronn;;Allmendweg;14-18;14-18;6-12;1-3;80-92;14-20;20-25;18-22;37-57;;;
Heilbronn;;Almosengartenweg;14;14;7;2;70;17;16;13;35;;;
Heilbronn;;Alter Hochweg;14;14;7;2;70;17;16;13;35;;;
Heilbronn;;Alter Mühlweg;10;10;6-7;1-2;55-60;11-12;9-10;8-9;91-92;;;
Heilbronn;;Alter Rathausweg;14;14;7;2;70;17;16;13;35;;;
Heilbronn;;Altnachtstraße;14-18;14-18;6-12;1-3;80-92;14-20;20-25;18-22;37-57;;;
Heilbronn;;Am Förstle;14-18;14-18;6-12;1-3;80-92;14-20;20-25;18-22;37-57;;;
Heilbronn;;Am Gesundbrunnen;14;14;7;2;70;17;16;13;35;;;
Heilbronn;;Am Hohrain;9;9;5-6;1-2;48-52;7-9;8-9;5-7;32;;;
Heilbronn;;Am Kieselmarkt;14-18;14-18;6-12;1-3;80-92;14-20;20-25;18-22;37-57;;;
Heilbronn;;Am Klingenbach;14;14;7;2;70;17;16;13;35;;;
Heilbronn;;Am langen Markstein;14;14;7;2;70;17;16;13;35;;;
Heilbronn;;Am Melchiorsgraben;9;9;5-6;1-2;48-52;7-9;8-9;5-7;32;;;
Heilbronn;;Am Mühlpfädle;14;14;7;2;70;17;16;13;35;;;
Heilbronn;;Am Ratsplatz;14-18;14-18;6-12;1-3;80-92;14-20;20-25;18-22;37-57;;;
Heilbronn;;Am Rotbach;14;14;7;2;70;17;16;13;35;;;
Heilbronn;;Am Salzwerkplatz;14-18;14-18;6-12;1-3;80-92;14-20;20-25;18-22;37-57;;;
Heilbronn;;Am Seelesberg;9;9;5-6;1-2;48-52;7-9;8-9;5-7;32;;;
Heilbronn;;Am Sülmertor;14-18;14-18;6-12;1-3;80-92;14-20;20-25;18-22;37-57;;;
Heilbronn;;Am Teuerbrünnle;10;10;6-7;1-2;55-60;11-12;9-10;8-9;91-92;;;
Heilbronn;;Am Viehweg;14-18;14-18;6-12;1-3;80-92;14-20;20-25;18-22;37-57;;;
Heilbronn;;Am Wasserturm;14;14;7;2;70;17;16;13;35;;;
Heilbronn;;Am Wilhelmskanal;14-18;14-18;6-12;1-3;80-92;14-20;20-25;18-22;37-57;;;
Heilbronn;;Am Wollhaus;9;9;5-6;1-2;48-52;7-9;8-9;5-7;32;;;
Heilbronn;;Ammernweg;10;10;6-7;1-2;55-60;11-12;9-10;8-9;91-92;;;
Heilbronn;;Amselweg;14-18;14-18;6-12;1-3;80-92;14-20;20-25;18-22;37-57;;;
Heilbronn;;Amsterdamer Straße;14;14;7;2;70;17;16;13;35;;;
Heilbronn;;Andersenstraße;10;10;6-7;1-2;55-60;11-12;9-10;8-9;91-92;;;
Heilbronn;;An der Ziegelhütte;9;9;5-6;1-2;48-52;7-9;8-9;5-7;32;;;
Heilbronn;;Anemonenweg;14-18;14-18;6-12;1-3;80-92;14-20;20-25;18-22;37-57;;;
Heilbronn;;Anna-Collmer-Straße;14;14;7;2;70;17;16;13;35;;;
Heilbronn;;Annalindestraße;10;10;6-7;1-2;55-60;11-12;9-10;8-9;91-92;;;
Heilbronn;;Ansbacher Straße;14;14;7;2;70;17;16;13;35;;;
Heilbronn;;Anton-Bühler-Straße;10;10;6-7;1-2;55-60;11-12;9-10;8-9;91-92;;;
Heilbronn;;Armsündersteige;9;9;5-6;1-2;48-52;7-9;8-9;5-7;32;;;
Heilbronn;;Arndtstraße;9;9;5-6;1-2;48-52;7-9;8-9;5-7;32;;;
Heilbronn;;Arnoldstraße;9;9;5-6;1-2;48-52;7-9;8-9;5-7;32;;;
Heilbronn;;Asperger Straße;10;10;6-7;1-2;55-60;11-12;9-10;8-9;91-92;;;
Heilbronn;;Asternweg;14;14;7;2;70;17;16;13;35;;;
Heilbronn;;Attichäckerstraße;10;10;6-7;1-2;55-60;11-12;9-10;8-9;91-92;;;
Heilbronn;;Auerbachstraße;9;9;5-6;1-2;48-52;7-9;8-9;5-7;32;;;
Heilbronn;;Auf dem Bau;9;9;5-6;1-2;48-52;7-9;8-9;5-7;32;;;
Heilbronn;;Auf der Schanz;14;14;7;2;70;17;16;13;35;;;
Heilbronn;;Augustenstraße;14;14;7;2;70;17;16;13;35;;;
Heilbronn;;August-Häußer-Straße;14;14;7;2;70;17;16;13;35;;;
Heilbronn;;August-Hornung-Straße;14;14;7;2;70;17;16;13;35;;;
Heilbronn;;August-Lämmle-Straße;9;9;5-6;1-2;48-52;7-9;8-9;5-7;32;;;
Heilbronn;;August-Mogler-Straße;14;14;7;2;70;17;16;13;35;;;
Heilbronn;;August-Rücker-Straße;14;14;7;2;70;17;16;13;35;;;
Heilbronn;;August-Schreiber-Weg;9;9;5-6;1-2;48-52;7-9;8-9;5-7;32;;;
Heilbronn;;August-Wankmiller-Straße;10;10;6-7;1-2;55-60;11-12;9-10;8-9;91-92;;;
Heilbronn;;Auhang;14-18;14-18;6-12;1-3;80-92;14-20;20-25;18-22;37-57;;;
Heilbronn;;Austraße;14-18;14-18;6-12;1-3;80-92;14-20;20-25;18-22;37-57;;;
Heilbronn;;Bachstraße;14;14;7;2;70;17;16;13;35;;;
Heilbronn;;Backhausplatz;14;14;7;2;70;17;16;13;35;;;
Heilbronn;;Backhausstraße;14;14;7;2;70;17;16;13;35;;;
Heilbronn;;Badener Hof;9;9;5-6;1-2;48-52;7-9;8-9;5-7;32;;;
Heilbronn;;Badener Straße;9;9;5-6;1-2;48-52;7-9;8-9;5-7;32;;;
Heilbronn;;Badstraße;14-18;14-18;6-12;1-3;80-92;14-20;20-25;18-22;37-57;;;
Heilbronn;;Bahnhofstraße;14-18;14-18;6-12;1-3;80-92;14-20;20-25;18-22;37-57;;;
Heilbronn;;Baltenstraße;14;14;7;2;70;17;16;13;35;;;
Heilbronn;;Balthasar-Wolff-Straße;9;9;5-6;1-2;48-52;7-9;8-9;5-7;32;;;
Heilbronn;;Bamberger Straße;14;14;7;2;70;17;16;13;35;;;
Heilbronn;;Bauernpfadstraße;14-18;14-18;6-12;1-3;80-92;14-20;20-25;18-22;37-57;;;
Heilbronn;;Bauernstraße;14;14;7;2;70;17;16;13;35;;;
Heilbronn;;Bauleuteweg;14-18;14-18;6-12;1-3;80-92;14-20;20-25;18-22;37-57;;;
Heilbronn;;Bebelstraße;9;9;5-6;1-2;48-52;7-9;8-9;5-7;32;;;
Heilbronn;;Bechtstraße;14-18;14-18;6-12;1-3;80-92;14-20;20-25;18-22;37-57;;;
Heilbronn;;Beethovenstraße;9;9;5-6;1-2;48-52;7-9;8-9;5-7;32;;;
Heilbronn;;Behringstraße;9;9;5-6;1-2;48-52;7-9;8-9;5-7;32;;;
Heilbronn;;Bensheimer Straße;10;10;6-7;1-2;55-60;11-12;9-10;8-9;91-92;;;
Heilbronn;;Benzstraße;14-18;14-18;6-12;1-3;80-92;14-20;20-25;18-22;37-57;;;
Heilbronn;;Bergstraße;9;9;5-6;1-2;48-52;7-9;8-9;5-7;32;;;
Heilbronn;;Berliner Platz;14-18;14-18;6-12;1-3;80-92;14-20;20-25;18-22;37-57;;;
Heilbronn;;Bernhäusle;10;10;6-7;1-2;55-60;11-12;9-10;8-9;91-92;;;
Heilbronn;;Bert-Brecht-Straße;14-18;14-18;6-12;1-3;80-92;14-20;20-25;18-22;37-57;;;
Heilbronn;;Berwanger Weg;10;10;6-7;1-2;55-60;11-12;9-10;8-9;91-92;;;
Heilbronn;;Besigheimer Straße;9;9;5-6;1-2;48-52;7-9;8-9;5-7;32;;;
Heilbronn;;Beutingerstraße;9;9;5-6;1-2;48-52;7-9;8-9;5-7;32;;;
Heilbronn;;Béziersstraße;9;9;5-6;1-2;48-52;7-9;8-9;5-7;32;;;
Heilbronn;;Biberacher Straße;9;9;5-6;1-2;48-52;7-9;8-9;5-7;32;;;
Heilbronn;;Bibersteige;14-18;14-18;6-12;1-3;80-92;14-20;20-25;18-22;37-57;;;
Heilbronn;;Biedermanngasse;14-18;14-18;6-12;1-3;80-92;14-20;20-25;18-22;37-57;;;
Heilbronn;;Bietigheimer Staße;9;9;5-6;1-2;48-52;7-9;8-9;5-7;32;;;
Heilbronn;;Binderweg;10;10;6-7;1-2;55-60;11-12;9-10;8-9;91-92;;;
Heilbronn;;Binswanger Straße;14-18;14-18;6-12;1-3;80-92;14-20;20-25;18-22;37-57;;;
Heilbronn;;Birkenhof;14;14;7;2;70;17;16;13;35;;;
Heilbronn;;Bismarckstraße Nr.1-35;14-18;14-18;6-12;1-3;80-92;14-20;20-25;18-22;37-57;;;
Heilbronn;;Bismarckstraße ab Nr. 36 und 39;9;9;5-6;1-2;48-52;7-9;8-9;5-7;32;;;
Heilbronn;;Bleichstraße;14-18;14-18;6-12;1-3;80-92;14-20;20-25;18-22;37-57;;;
Heilbronn;;Blücherstraße;9;9;5-6;1-2;48-52;7-9;8-9;5-7;32;;;
Heilbronn;;Blütenweg;10;10;6-7;1-2;55-60;11-12;9-10;8-9;91-92;;;
Heilbronn;;Blumenstraße;14;14;7;2;70;17;16;13;35;;;
Heilbronn;;Blumhardtstraße;14;14;7;2;70;17;16;13;35;;;
Heilbronn;;Bodelschwinghstraße;10;10;6-7;1-2;55-60;11-12;9-10;8-9;91-92;;;
Heilbronn;;Bodenstedtstraße;14-18;14-18;6-12;1-3;80-92;14-20;20-25;18-22;37-57;;;
Heilbronn;;Böckinger Straße;14;14;7;2;70;17;16;13;35;;;
Heilbronn;;Böcklerstraße;14;14;7;2;70;17;16;13;35;;;
Heilbronn;;Böcklinstraße;9;9;5-6;1-2;48-52;7-9;8-9;5-7;32;;;
Heilbronn;;Böllinger Straße;10;10;6-7;1-2;55-60;11-12;9-10;8-9;91-92;;;
Heilbronn;;Bönnigheimer Straße;9;9;5-6;1-2;48-52;7-9;8-9;5-7;32;;;
Heilbronn;;Bohnenbergerstraße;14-18;14-18;6-12;1-3;80-92;14-20;20-25;18-22;37-57;;;
Heilbronn;;Bolzstraße;9;9;5-6;1-2;48-52;7-9;8-9;5-7;32;;;
Heilbronn;;Bonfelder Straße;14-18;14-18;6-12;1-3;80-92;14-20;20-25;18-22;37-57;;;
Heilbronn;;Bornweg;9;9;5-6;1-2;48-52;7-9;8-9;5-7;32;;;
Heilbronn;;Borsigstraße;9;9;5-6;1-2;48-52;7-9;8-9;5-7;32;;;
Heilbronn;;Bottwarbahnstraße;9;9;5-6;1-2;48-52;7-9;8-9;5-7;32;;;
Heilbronn;;Brackenheimer Straße;14;14;7;2;70;17;16;13;35;;;
Heilbronn;;Brahmsstraße;10;10;6-7;1-2;55-60;11-12;9-10;8-9;91-92;;;
Heilbronn;;Brahmsstraße Nr.2,4,6,8,10,12;14-18;14-18;6-12;1-3;80-92;14-20;20-25;18-22;37-57;;;
Heilbronn;;Brechhausstraße;14;14;7;2;70;17;16;13;35;;;
Heilbronn;;Breite;9;9;5-6;1-2;48-52;7-9;8-9;5-7;32;;;
Heilbronn;;Breitenloch;9;9;5-6;1-2;48-52;7-9;8-9;5-7;32;;;
Heilbronn;;Breslauer Straße;14;14;7;2;70;17;16;13;35;;;
Heilbronn;;Brögerstraße;14;14;7;2;70;17;16;13;35;;;
Heilbronn;;Bruchsaler Straße;14;14;7;2;70;17;16;13;35;;;
Heilbronn;;Bruckmannstraße Nr.1-23;14-18;14-18;6-12;1-3;80-92;14-20;20-25;18-22;37-57;;;
Heilbronn;;Bruckmannstraße ab Nr. 24;9;9;5-6;1-2;48-52;7-9;8-9;5-7;32;;;
Heilbronn;;Brucknerstraße;14;14;7;2;70;17;16;13;35;;;
Heilbronn;;Brückenstraße;10;10;6-7;1-2;55-60;11-12;9-10;8-9;91-92;;;
Heilbronn;;Brücklespfad;10;10;6-7;1-2;55-60;11-12;9-10;8-9;91-92;;;
Heilbronn;;Brüggemannstraße;14-18;14-18;6-12;1-3;80-92;14-20;20-25;18-22;37-57;;;
Heilbronn;;Brünnlesstraße;14;14;7;2;70;17;16;13;35;;;
Heilbronn;;Bruhweg;14;14;7;2;70;17;16;13;35;;;
Heilbronn;;Brunnenstraße;14-18;14-18;6-12;1-3;80-92;14-20;20-25;18-22;37-57;;;
Heilbronn;;Buchener Straße;14;14;7;2;70;17;16;13;35;;;
Heilbronn;;Buchenhof;14;14;7;2;70;17;16;13;35;;;
Heilbronn;;Bundschuhstraße;9;9;5-6;1-2;48-52;7-9;8-9;5-7;32;;;
Heilbronn;;Bunsenstraße;14;14;7;2;70;17;16;13;35;;;
Heilbronn;;Burenstraße;14-18;14-18;6-12;1-3;80-92;14-20;20-25;18-22;37-57;;;
Heilbronn;;Burgmal;14;14;7;2;70;17;16;13;35;;;
Heilbronn;;Burgstallstraße;14;14;7;2;70;17;16;13;35;;;
Heilbronn;;Burgundenstraße;14;14;7;2;70;17;16;13;35;;;
Heilbronn;;Bussardstraße;14-18;14-18;6-12;1-3;80-92;14-20;20-25;18-22;37-57;;;
Heilbronn;;Cäcilienbrunnen;9;9;5-6;1-2;48-52;7-9;8-9;5-7;32;;;
Heilbronn;;Cäcilienbrunnenstraße;9;9;5-6;1-2;48-52;7-9;8-9;5-7;32;;;
Heilbronn;;Cäcilienstraße;9;9;5-6;1-2;48-52;7-9;8-9;5-7;32;;;
Heilbronn;;Carl-Zeiss-Straße;10;10;6-7;1-2;55-60;11-12;9-10;8-9;91-92;;;
Heilbronn;;Charlottenstraße;9;9;5-6;1-2;48-52;7-9;8-9;5-7;32;;;
Heilbronn;;Christian-Leichtle-Straße;14;14;7;2;70;17;16;13;35;;;
Heilbronn;;Christophplatz;14-18;14-18;6-12;1-3;80-92;14-20;20-25;18-22;37-57;;;
Heilbronn;;Christophstraße;14-18;14-18;6-12;1-3;80-92;14-20;20-25;18-22;37-57;;;
Heilbronn;;Claudiusweg;9;9;5-6;1-2;48-52;7-9;8-9;5-7;32;;;
Heilbronn;;Cleebronner Weg;9;9;5-6;1-2;48-52;7-9;8-9;5-7;32;;;
Heilbronn;;Clußstraße;9;9;5-6;1-2;48-52;7-9;8-9;5-7;32;;;
Heilbronn;;Cronbergstraße;9;9;5-6;1-2;48-52;7-9;8-9;5-7;32;;;
Heilbronn;;Damaschkestraße;9;9;5-6;1-2;48-52;7-9;8-9;5-7;32;;;
Heilbronn;;Dammstraße;14-18;14-18;6-12;1-3;80-92;14-20;20-25;18-22;37-57;;;
Heilbronn;;Danziger Straße;14;14;7;2;70;17;16;13;35;;;
Heilbronn;;Daucherweg;9;9;5-6;1-2;48-52;7-9;8-9;5-7;32;;;
Heilbronn;;David-Friedrich-Strauß-Straße;9;9;5-6;1-2;48-52;7-9;8-9;5-7;32;;;
Heilbronn;;Defreggerstraße;9;9;5-6;1-2;48-52;7-9;8-9;5-7;32;;;
Heilbronn;;Deinenbachstraße;9;9;5-6;1-2;48-52;7-9;8-9;5-7;32;;;
Heilbronn;;Derfflingerstraße;14;14;7;2;70;17;16;13;35;;;
Heilbronn;;Deutschhofstraße;14-18;14-18;6-12;1-3;80-92;14-20;20-25;18-22;37-57;;;
Heilbronn;;Deutschordenstraße;9;9;5-6;1-2;48-52;7-9;8-9;5-7;32;;;
Heilbronn;;Deutschritterstraße;10;10;6-7;1-2;55-60;11-12;9-10;8-9;91-92;;;
Heilbronn;;Diedenhofer Weg;9;9;5-6;1-2;48-52;7-9;8-9;5-7;32;;;
Heilbronn;;Dieselstraße;14-18;14-18;6-12;1-3;80-92;14-20;20-25;18-22;37-57;;;
Heilbronn;;Dinkelsbühler Straße;9;9;5-6;1-2;48-52;7-9;8-9;5-7;32;;;
Heilbronn;;Distelfinkweg;14;14;7;2;70;17;16;13;35;;;
Heilbronn;;Dittmarstraße;9;9;5-6;1-2;48-52;7-9;8-9;5-7;32;;;
Heilbronn;;Dobrudschastraße;9;9;5-6;1-2;48-52;7-9;8-9;5-7;32;;;
Heilbronn;;Dörnlesstraße;14;14;7;2;70;17;16;13;35;;;
Heilbronn;;Dorfgraben;14;14;7;2;70;17;16;13;35;;;
Heilbronn;;Dorfplatz;14;14;7;2;70;17;16;13;35;;;
Heilbronn;;Dr.-Hoffmann-Straße;10;10;6-7;1-2;55-60;11-12;9-10;8-9;91-92;;;
Heilbronn;;Drosselweg;14-18;14-18;6-12;1-3;80-92;14-20;20-25;18-22;37-57;;;
Heilbronn;;Drosteweg;9;9;5-6;1-2;48-52;7-9;8-9;5-7;32;;;
Heilbronn;;Dühringstraße;14-18;14-18;6-12;1-3;80-92;14-20;20-25;18-22;37-57;;;
Heilbronn;;Dürerstraße;14;14;7;2;70;17;16;13;35;;;
Heilbronn;;Eberbacher Weg;10;10;6-7;1-2;55-60;11-12;9-10;8-9;91-92;;;
Heilbronn;;Eberhard-Gmelin-Straße;9;9;5-6;1-2;48-52;7-9;8-9;5-7;32;;;
Heilbronn;;Eberlinstraße;9;9;5-6;1-2;48-52;7-9;8-9;5-7;32;;;
Heilbronn;;Eberstädter Straße;14-18;14-18;6-12;1-3;80-92;14-20;20-25;18-22;37-57;;;
Heilbronn;;Eckenerstraße;9;9;5-6;1-2;48-52;7-9;8-9;5-7;32;;;
Heilbronn;;Eckweg;14;14;7;2;70;17;16;13;35;;;
Heilbronn;;Edisonstraße;14-18;14-18;6-12;1-3;80-92;14-20;20-25;18-22;37-57;;;
Heilbronn;;Eduard-Bader-Straße;14;14;7;2;70;17;16;13;35;;;
Heilbronn;;Eduard-Hilger-Straße;14;14;7;2;70;17;16;13;35;;;
Heilbronn;;Ehrlichstraße;9;9;5-6;1-2;48-52;7-9;8-9;5-7;32;;;
Heilbronn;;Eibenweg;14;14;7;2;70;17;16;13;35;;;
Heilbronn;;Eichelberger Weg;9;9;5-6;1-2;48-52;7-9;8-9;5-7;32;;;
Heilbronn;;Eichendorffstraße;9;9;5-6;1-2;48-52;7-9;8-9;5-7;32;;;
Heilbronn;;Eichenhof;14;14;7;2;70;17;16;13;35;;;
Heilbronn;;Eichgasse;14-18;14-18;6-12;1-3;80-92;14-20;20-25;18-22;37-57;;;
Heilbronn;;Eichhäuser Straße;10;10;6-7;1-2;55-60;11-12;9-10;8-9;91-92;;;
Heilbronn;;Eigenheimstraße;9;9;5-6;1-2;48-52;7-9;8-9;5-7;32;;;
Heilbronn;;Einsteinstraße;9;9;5-6;1-2;48-52;7-9;8-9;5-7;32;;;
Heilbronn;;Eisenbahnstraße;14;14;7;2;70;17;16;13;35;;;
Heilbronn;;Eisvogelweg;14;14;7;2;70;17;16;13;35;;;
Heilbronn;;Elbinger Straße;14;14;7;2;70;17;16;13;35;;;
Heilbronn;;Elisabethenstraße;14;14;7;2;70;17;16;13;35;;;
Heilbronn;;Elise-Heß-Straße;10;10;6-7;1-2;55-60;11-12;9-10;8-9;91-92;;;
Heilbronn;;Ellwanger Straße;14-18;14-18;6-12;1-3;80-92;14-20;20-25;18-22;37-57;;;
Heilbronn;;Elsternweg;14-18;14-18;6-12;1-3;80-92;14-20;20-25;18-22;37-57;;;
Heilbronn;;Endgasse;14-18;14-18;6-12;1-3;80-92;14-20;20-25;18-22;37-57;;;
Heilbronn;;Enge Gasse;14;14;7;2;70;17;16;13;35;;;
Heilbronn;;Entenstraße;14-18;14-18;6-12;1-3;80-92;14-20;20-25;18-22;37-57;;;
Heilbronn;;Eppinger Straße;14;14;7;2;70;17;16;13;35;;;
Heilbronn;;Erhardgasse;14-18;14-18;6-12;1-3;80-92;14-20;20-25;18-22;37-57;;;
Heilbronn;;Erhard-Schnepf-Gasse;14-18;14-18;6-12;1-3;80-92;14-20;20-25;18-22;37-57;;;
Heilbronn;;Erlachweg;9;9;5-6;1-2;48-52;7-9;8-9;5-7;32;;;
Heilbronn;;Erlenbacher Straße;14-18;14-18;6-12;1-3;80-92;14-20;20-25;18-22;37-57;;;
Heilbronn;;Erlenweg;14;14;7;2;70;17;16;13;35;;;
Heilbronn;;Ernst-Abbe-Straße;10;10;6-7;1-2;55-60;11-12;9-10;8-9;91-92;;;
Heilbronn;;Ernst-Bader-Straße;14;14;7;2;70;17;16;13;35;;;
Heilbronn;;Ernst-Amme-Straße;10;10;6-7;1-2;55-60;11-12;9-10;8-9;91-92;;;
Heilbronn;;Ernst-Jäckh-Straße;9;9;5-6;1-2;48-52;7-9;8-9;5-7;32;;;
Heilbronn;;Ernst-Wecker-Straße;9;9;5-6;1-2;48-52;7-9;8-9;5-7;32;;;
Heilbronn;;Erwim-Bannhäuser-Straße;10;10;6-7;1-2;55-60;11-12;9-10;8-9;91-92;;;
Heilbronn;;Erwin-Habold-Straße;14;14;7;2;70;17;16;13;35;;;
Heilbronn;;Eschenbachstraße;14-18;14-18;6-12;1-3;80-92;14-20;20-25;18-22;37-57;;;
Heilbronn;;Eschenweg;14;14;7;2;70;17;16;13;35;;;
Heilbronn;;Etzelstraße;14-18;14-18;6-12;1-3;80-92;14-20;20-25;18-22;37-57;;;
Heilbronn;;Eugen-Nägele-Straße;9;9;5-6;1-2;48-52;7-9;8-9;5-7;32;;;
Heilbronn;;Eulenweg;14;14;7;2;70;17;16;13;35;;;
Heilbronn;;Europaplatz;14-18;14-18;6-12;1-3;80-92;14-20;20-25;18-22;37-57;;;
Heilbronn;;Eythstraße;9;9;5-6;1-2;48-52;7-9;8-9;5-7;32;;;
Heilbronn;;Faißtstraße;14-18;14-18;6-12;1-3;80-92;14-20;20-25;18-22;37-57;;;
Heilbronn;;Falkenstraße;14-18;14-18;6-12;1-3;80-92;14-20;20-25;18-22;37-57;;;
Heilbronn;;Falltorstraße;10;10;6-7;1-2;55-60;11-12;9-10;8-9;91-92;;;
Heilbronn;;Falter;10;10;6-7;1-2;55-60;11-12;9-10;8-9;91-92;;;
Heilbronn;;Falterhecklesweg;10;10;6-7;1-2;55-60;11-12;9-10;8-9;91-92;;;
Heilbronn;;Falterstraße;10;10;6-7;1-2;55-60;11-12;9-10;8-9;91-92;;;
Heilbronn;;Falterweg;14;14;7;2;70;17;16;13;35;;;
Heilbronn;;Fasanenstraße;9;9;5-6;1-2;48-52;7-9;8-9;5-7;32;;;
Heilbronn;;Felix-Wankel-Straße;14-18;14-18;6-12;1-3;80-92;14-20;20-25;18-22;37-57;;;
Heilbronn;;Felsenstraße;14;14;7;2;70;17;16;13;35;;;
Heilbronn;;Ferdinand-Braun-Straße;9;9;5-6;1-2;48-52;7-9;8-9;5-7;32;;;
Heilbronn;;Feuerbacherweg;14;14;7;2;70;17;16;13;35;;;
Heilbronn;;Feurerstraße;10;10;6-7;1-2;55-60;11-12;9-10;8-9;91-92;;;
Heilbronn;;Feyerabendstraße;14-18;14-18;6-12;1-3;80-92;14-20;20-25;18-22;37-57;;;
Heilbronn;;Fichtestraße;9;9;5-6;1-2;48-52;7-9;8-9;5-7;32;;;
Heilbronn;;Finkenbergstraße;14-18;14-18;6-12;1-3;80-92;14-20;20-25;18-22;37-57;;;
Heilbronn;;Finkenbergstraße ab Nr. 19;10;10;6-7;1-2;55-60;11-12;9-10;8-9;91-92;;;
Heilbronn;;Finkenweg;14;14;7;2;70;17;16;13;35;;;
Heilbronn;;Fischergasse;14-18;14-18;6-12;1-3;80-92;14-20;20-25;18-22;37-57;;;
Heilbronn;;Flaischlenstraße;14;14;7;2;70;17;16;13;35;;;
Heilbronn;;Flammerweg;9;9;5-6;1-2;48-52;7-9;8-9;5-7;32;;;
Heilbronn;;Fleiner Straße;14-18;14-18;6-12;1-3;80-92;14-20;20-25;18-22;37-57;;;
Heilbronn;;Fliederweg;14;14;7;2;70;17;16;13;35;;;
Heilbronn;;Florian-Geyer-Straße;14;14;7;2;70;17;16;13;35;;;
Heilbronn;;Floßhafenweg;14-18;14-18;6-12;1-3;80-92;14-20;20-25;18-22;37-57;;;
Heilbronn;;Fontanestraße;9;9;5-6;1-2;48-52;7-9;8-9;5-7;32;;;
Heilbronn;;Forchenweg;14;14;7;2;70;17;16;13;35;;;
Heilbronn;;Forellenstraße;14-18;14-18;6-12;1-3;80-92;14-20;20-25;18-22;37-57;;;
Heilbronn;;Frankenbacher Straße Nr. 4 und ab Nr. 72;10;10;6-7;1-2;55-60;11-12;9-10;8-9;91-92;;;
Heilbronn;;Frankenbacher Straße Nr. 1-70;14;14;7;2;70;17;16;13;35;;;
Heilbronn;;Frankenstraße;14;14;7;2;70;17;16;13;35;;;
Heilbronn;;Frankfurter Straße;14-18;14-18;6-12;1-3;80-92;14-20;20-25;18-22;37-57;;;
Heilbronn;;Frankfurt-Oder-Straße;9;9;5-6;1-2;48-52;7-9;8-9;5-7;32;;;
Heilbronn;;Franziskanerhof;14-18;14-18;6-12;1-3;80-92;14-20;20-25;18-22;37-57;;;
Heilbronn;;Franziska-Schmitt-Weg;9;9;5-6;1-2;48-52;7-9;8-9;5-7;32;;;
Heilbronn;;Franz-Lehar-Straße;10;10;6-7;1-2;55-60;11-12;9-10;8-9;91-92;;;
Heilbronn;;Franz-Reichle-Straße;10;10;6-7;1-2;55-60;11-12;9-10;8-9;91-92;;;
Heilbronn;;Franz-Renner-Straße;14-18;14-18;6-12;1-3;80-92;14-20;20-25;18-22;37-57;;;
Heilbronn;;Franz-Werfel-Straße;10;10;6-7;1-2;55-60;11-12;9-10;8-9;91-92;;;
Heilbronn;;Frauenweg;14-18;14-18;6-12;1-3;80-92;14-20;20-25;18-22;37-57;;;
Heilbronn;;Fraunhoferweg;14;14;7;2;70;17;16;13;35;;;
Heilbronn;;Freiligrathstraße;9;9;5-6;1-2;48-52;7-9;8-9;5-7;32;;;
Heilbronn;;Frida-Schumacher-Straße;10;10;6-7;1-2;55-60;11-12;9-10;8-9;91-92;;;
Heilbronn;;Friedensplatz;14-18;14-18;6-12;1-3;80-92;14-20;20-25;18-22;37-57;;;
Heilbronn;;Friedenstraße;14;14;7;2;70;17;16;13;35;;;
Heilbronn;;Friedhofstraße;9;9;5-6;1-2;48-52;7-9;8-9;5-7;32;;;
Heilbronn;;Friedrich-Ackermann-Straße;9;9;5-6;1-2;48-52;7-9;8-9;5-7;32;;;
Heilbronn;;Friedrich-Dürr-Straße;9;9;5-6;1-2;48-52;7-9;8-9;5-7;32;;;
Heilbronn;;Friedrich-Ebert-Straße;14-18;14-18;6-12;1-3;80-92;14-20;20-25;18-22;37-57;;;
Heilbronn;;Friedrich-Naumann-Straße;9;9;5-6;1-2;48-52;7-9;8-9;5-7;32;;;
Heilbronn;;Friedrich-Niethammer-Straße;9;9;5-6;1-2;48-52;7-9;8-9;5-7;32;;;
Heilbronn;;Friedrichstraße;14;14;7;2;70;17;16;13;35;;;
Heilbronn;;Fritz-Haber-Straße;9;9;5-6;1-2;48-52;7-9;8-9;5-7;32;;;
Heilbronn;;Fritz-Ulrich-Straße;14;14;7;2;70;17;16;13;35;;;
Heilbronn;;Fröbelweg;14;14;7;2;70;17;16;13;35;;;
Heilbronn;;Frosch;9;9;5-6;1-2;48-52;7-9;8-9;5-7;32;;;
Heilbronn;;Fruchtschuppenweg;14-18;14-18;6-12;1-3;80-92;14-20;20-25;18-22;37-57;;;
Heilbronn;;Frundsbergstraße;14;14;7;2;70;17;16;13;35;;;
Heilbronn;;Fuchsweg;10;10;6-7;1-2;55-60;11-12;9-10;8-9;91-92;;;
Heilbronn;;Fügerstraße;14-18;14-18;6-12;1-3;80-92;14-20;20-25;18-22;37-57;;;
Heilbronn;;Fürfelder Straße;14;14;7;2;70;17;16;13;35;;;
Heilbronn;;Gabelsbergerstraße;9;9;5-6;1-2;48-52;7-9;8-9;5-7;32;;;
Heilbronn;;Gänsäckerstraße;9;9;5-6;1-2;48-52;7-9;8-9;5-7;32;;;
Heilbronn;;Gaffenberg;9;9;5-6;1-2;48-52;7-9;8-9;5-7;32;;;
Heilbronn;;Gartachgaustraße;10;10;6-7;1-2;55-60;11-12;9-10;8-9;91-92;;;
Heilbronn;;Gartengäßchen;14-18;14-18;6-12;1-3;80-92;14-20;20-25;18-22;37-57;;;
Heilbronn;;Gartenstraße;14-18;14-18;6-12;1-3;80-92;14-20;20-25;18-22;37-57;;;
Heilbronn;;Gaswerkstraße;14-18;14-18;6-12;1-3;80-92;14-20;20-25;18-22;37-57;;;
Heilbronn;;Geibelstraße;9;9;5-6;1-2;48-52;7-9;8-9;5-7;32;;;
Heilbronn;;Gellertstraße;9;9;5-6;1-2;48-52;7-9;8-9;5-7;32;;;
Heilbronn;;Gemmingergasse;14-18;14-18;6-12;1-3;80-92;14-20;20-25;18-22;37-57;;;
Heilbronn;;Georg-Vogel-Straße;14;14;7;2;70;17;16;13;35;;;
Heilbronn;;Geranienweg;10;10;6-7;1-2;55-60;11-12;9-10;8-9;91-92;;;
Heilbronn;;Gerberstraß;14-18;14-18;6-12;1-3;80-92;14-20;20-25;18-22;37-57;;;
Heilbronn;;Gerhart-Hauptmann-Straße;10;10;6-7;1-2;55-60;11-12;9-10;8-9;91-92;;;
Heilbronn;;Geschwister-Scholl-Straße;14-18;14-18;6-12;1-3;80-92;14-20;20-25;18-22;37-57;;;
Heilbronn;;Gildenstraße;9;9;5-6;1-2;48-52;7-9;8-9;5-7;32;;;
Heilbronn;;Glockengießerhof;14-18;14-18;6-12;1-3;80-92;14-20;20-25;18-22;37-57;;;
Heilbronn;;Glockenstraße;14;14;7;2;70;17;16;13;35;;;
Heilbronn;;Gmelichstraße;14;14;7;2;70;17;16;13;35;;;
Heilbronn;;Goerdelerstraße;14;14;7;2;70;17;16;13;35;;;
Heilbronn;;Görresstraße;9;9;5-6;1-2;48-52;7-9;8-9;5-7;32;;;
Heilbronn;;Goethestraße;14-18;14-18;6-12;1-3;80-92;14-20;20-25;18-22;37-57;;;
Heilbronn;;Goethestraße Nr. 1 und 3;9;9;5-6;1-2;48-52;7-9;8-9;5-7;32;;;
Heilbronn;;Götzenturmstraße;14-18;14-18;6-12;1-3;80-92;14-20;20-25;18-22;37-57;;;
Heilbronn;;Goppeltstraße;14-18;14-18;6-12;1-3;80-92;14-20;20-25;18-22;37-57;;;
Heilbronn;;Gotenstraße;9;9;5-6;1-2;48-52;7-9;8-9;5-7;32;;;
Heilbronn;;Gottfried-Keller-Straße;14-18;14-18;6-12;1-3;80-92;14-20;20-25;18-22;37-57;;;
Heilbronn;;Gotthold-Stettner-Weg;14-18;14-18;6-12;1-3;80-92;14-20;20-25;18-22;37-57;;;
Heilbronn;;Gottlieb-Daimler-Straße;14-18;14-18;6-12;1-3;80-92;14-20;20-25;18-22;37-57;;;
Heilbronn;;Grillparzerweg;9;9;5-6;1-2;48-52;7-9;8-9;5-7;32;;;
Heilbronn;;Grimmelshausenstraße;9;9;5-6;1-2;48-52;7-9;8-9;5-7;32;;;
Heilbronn;;Grimmstraße;14-18;14-18;6-12;1-3;80-92;14-20;20-25;18-22;37-57;;;
Heilbronn;;Gröberstraße;9;9;5-6;1-2;48-52;7-9;8-9;5-7;32;;;
Heilbronn;;Große Bahngasse;14-18;14-18;6-12;1-3;80-92;14-20;20-25;18-22;37-57;;;
Heilbronn;;Großgartacher Straße;14;14;7;2;70;17;16;13;35;;;
Heilbronn;;Grünewaldstraße;14;14;7;2;70;17;16;13;35;;;
Heilbronn;;Gruis’sches Gäßchen;14-18;14-18;6-12;1-3;80-92;14-20;20-25;18-22;37-57;;;
Heilbronn;;Grundäckerstraße;10;10;6-7;1-2;55-60;11-12;9-10;8-9;91-92;;;
Heilbronn;;Gruppenbacher Straße;9;9;5-6;1-2;48-52;7-9;8-9;5-7;32;;;
Heilbronn;;Güglinger Straße;14;14;7;2;70;17;16;13;35;;;
Heilbronn;;Güldensteinstraße;9;9;5-6;1-2;48-52;7-9;8-9;5-7;32;;;
Heilbronn;;Güntershof;14-18;14-18;6-12;1-3;80-92;14-20;20-25;18-22;37-57;;;
Heilbronn;;Güterbahnhofstraße;14-18;14-18;6-12;1-3;80-92;14-20;20-25;18-22;37-57;;;
Heilbronn;;Guido-Hauck-Straße;9;9;5-6;1-2;48-52;7-9;8-9;5-7;32;;;
Heilbronn;;Gundelsheimer Straße;9;9;5-6;1-2;48-52;7-9;8-9;5-7;32;;;
Heilbronn;;Gustav-Binder-Straße;14-18;14-18;6-12;1-3;80-92;14-20;20-25;18-22;37-57;;;
Heilbronn;;Gustav-Lohmiller-Straße;10;10;6-7;1-2;55-60;11-12;9-10;8-9;91-92;;;
Heilbronn;;Gutbrodweg;9;9;5-6;1-2;48-52;7-9;8-9;5-7;32;;;
Heilbronn;;Gutenbergstraße;9;9;5-6;1-2;48-52;7-9;8-9;5-7;32;;;
Heilbronn;;Gymnasiumstraße;14-18;14-18;6-12;1-3;80-92;14-20;20-25;18-22;37-57;;;
Heilbronn;;Haagstraße;14;14;7;2;70;17;16;13;35;;;
Heilbronn;;Haberkornstraße;9;9;5-6;1-2;48-52;7-9;8-9;5-7;32;;;
Heilbronn;;Habichtstraße;14-18;14-18;6-12;1-3;80-92;14-20;20-25;18-22;37-57;;;
Heilbronn;;Habrechtstraße;9;9;5-6;1-2;48-52;7-9;8-9;5-7;32;;;
Heilbronn;;Hämmerlinggasse;14-18;14-18;6-12;1-3;80-92;14-20;20-25;18-22;37-57;;;
Heilbronn;;Härlestraße;14-18;14-18;6-12;1-3;80-92;14-20;20-25;18-22;37-57;;;
Heilbronn;;Hafenstraße;14-18;14-18;6-12;1-3;80-92;14-20;20-25;18-22;37-57;;;
Heilbronn;;Hahnenäckerstraße;10;10;6-7;1-2;55-60;11-12;9-10;8-9;91-92;;;
Heilbronn;;Hahnstraße;14;14;7;2;70;17;16;13;35;;;
Heilbronn;;Haigernstraße;10;10;6-7;1-2;55-60;11-12;9-10;8-9;91-92;;;
Heilbronn;;Halbmondstraße;14-18;14-18;6-12;1-3;80-92;14-20;20-25;18-22;37-57;;;
Heilbronn;;Haldenweg;14-18;14-18;6-12;1-3;80-92;14-20;20-25;18-22;37-57;;;
Heilbronn;;Haller Straße;9;9;5-6;1-2;48-52;7-9;8-9;5-7;32;;;
Heilbronn;;Handwerkerhof;14-18;14-18;6-12;1-3;80-92;14-20;20-25;18-22;37-57;;;
Heilbronn;;Hans-Bauer-Straße;10;10;6-7;1-2;55-60;11-12;9-10;8-9;91-92;;;
Heilbronn;;Hans-Baldung-Straße;14;14;7;2;70;17;16;13;35;;;
Heilbronn;;Hans-Holbein-Weg;9;9;5-6;1-2;48-52;7-9;8-9;5-7;32;;;
Heilbronn;;Hans-Multscher-Straße;14;14;7;2;70;17;16;13;35;;;
Heilbronn;;Hans-Reuter-Weg;14;14;7;2;70;17;16;13;35;;;
Heilbronn;;Hans-Rießer-Straße;14-18;14-18;6-12;1-3;80-92;14-20;20-25;18-22;37-57;;;
Heilbronn;;Hans-Sachs-Straße;14;14;7;2;70;17;16;13;35;;;
Heilbronn;;Hans-Schweiner-Straße;9;9;5-6;1-2;48-52;7-9;8-9;5-7;32;;;
Heilbronn;;Hans-Seyfer-Straße;14-18;14-18;6-12;1-3;80-92;14-20;20-25;18-22;37-57;;;
Heilbronn;;Hanselmannstraße;14;14;7;2;70;17;16;13;35;;;
Heilbronn;;Hansjakobstraße;9;9;5-6;1-2;48-52;7-9;8-9;5-7;32;;;
Heilbronn;;Happelstraße;9;9;5-6;1-2;48-52;7-9;8-9;5-7;32;;;
Heilbronn;;Happenbacher Straße;9;9;5-6;1-2;48-52;7-9;8-9;5-7;32;;;
Heilbronn;;Hartmannweg;9;9;5-6;1-2;48-52;7-9;8-9;5-7;32;;;
Heilbronn;;Hasengasse;14-18;14-18;6-12;1-3;80-92;14-20;20-25;18-22;37-57;;;
Heilbronn;;Hauffstraße;9;9;5-6;1-2;48-52;7-9;8-9;5-7;32;;;
Heilbronn;;Hauptstraße;9;9;5-6;1-2;48-52;7-9;8-9;5-7;32;;;
Heilbronn;;Hausäckerweg;14;14;7;2;70;17;16;13;35;;;
Heilbronn;;Hausener Straße;10;10;6-7;1-2;55-60;11-12;9-10;8-9;91-92;;;
Heilbronn;;Havannastraße;14;14;7;2;70;17;16;13;35;;;
Heilbronn;;Haydnstraße;9;9;5-6;1-2;48-52;7-9;8-9;5-7;32;;;
Heilbronn;;Hebbelstraße;14-18;14-18;6-12;1-3;80-92;14-20;20-25;18-22;37-57;;;
Heilbronn;;Hechtstraße;14;14;7;2;70;17;16;13;35;;;
Heilbronn;;Hecken;9;9;5-6;1-2;48-52;7-9;8-9;5-7;32;;;
Heilbronn;;Heckenstraße;14;14;7;2;70;17;16;13;35;;;
Heilbronn;;Hefenweiler;14-18;14-18;6-12;1-3;80-92;14-20;20-25;18-22;37-57;;;
Heilbronn;;Hegelmaierstraße;9;9;5-6;1-2;48-52;7-9;8-9;5-7;32;;;
Heilbronn;;Hegelstraße;10;10;6-7;1-2;55-60;11-12;9-10;8-9;91-92;;;
Heilbronn;;Heidelberger Straße;14;14;7;2;70;17;16;13;35;;;
Heilbronn;;Heidenrain;14;14;7;2;70;17;16;13;35;;;
Heilbronn;;Heilbronner Weg;14;14;7;2;70;17;16;13;35;;;
Heilbronn;;Heiligengasse;14-18;14-18;6-12;1-3;80-92;14-20;20-25;18-22;37-57;;;
Heilbronn;;Heinrich-Bächler-Straße;14;14;7;2;70;17;16;13;35;;;
Heilbronn;;Heinrich-Heine-Straße;9;9;5-6;1-2;48-52;7-9;8-9;5-7;32;;;
Heilbronn;;Heinrich-Hertz-Straße;9;9;5-6;1-2;48-52;7-9;8-9;5-7;32;;;
Heilbronn;;Heinrich-Senghaas-Straße;10;10;6-7;1-2;55-60;11-12;9-10;8-9;91-92;;;
Heilbronn;;Heinrich-Zille-Straße;14;14;7;2;70;17;16;13;35;;;
Heilbronn;;Heinrichstraße;14;14;7;2;70;17;16;13;35;;;
Heilbronn;;Heinrieter Straße;9;9;5-6;1-2;48-52;7-9;8-9;5-7;32;;;
Heilbronn;;Heisenbergstraße;14-18;14-18;6-12;1-3;80-92;14-20;20-25;18-22;37-57;;;
Heilbronn;;Helmholtzstraße;14;14;7;2;70;17;16;13;35;;;
Heilbronn;;Helmuth-Hirth-Straße;9;9;5-6;1-2;48-52;7-9;8-9;5-7;32;;;
Heilbronn;;Herbert-Hoover-Straße;9;9;5-6;1-2;48-52;7-9;8-9;5-7;32;;;
Heilbronn;;Herbststraße;14-18;14-18;6-12;1-3;80-92;14-20;20-25;18-22;37-57;;;
Heilbronn;;Herderstraße;9;9;5-6;1-2;48-52;7-9;8-9;5-7;32;;;
Heilbronn;;Hermann-Hesse-Straße;9;9;5-6;1-2;48-52;7-9;8-9;5-7;32;;;
Heilbronn;;Hermann-Löns-Straße;10;10;6-7;1-2;55-60;11-12;9-10;8-9;91-92;;;
Heilbronn;;Hermann-Wolf-Straße;9;9;5-6;1-2;48-52;7-9;8-9;5-7;32;;;
Heilbronn;;Hermannstraße;14-18;14-18;6-12;1-3;80-92;14-20;20-25;18-22;37-57;;;
Heilbronn;;Herweghstraße;9;9;5-6;1-2;48-52;7-9;8-9;5-7;32;;;
Heilbronn;;Hessigheimer Straße;9;9;5-6;1-2;48-52;7-9;8-9;5-7;32;;;
Heilbronn;;Hetensbacher Straße;14;14;7;2;70;17;16;13;35;;;
Heilbronn;;Heuchelbergstraße;14;14;7;2;70;17;16;13;35;;;
Heilbronn;;Heuholzer Weg;9;9;5-6;1-2;48-52;7-9;8-9;5-7;32;;;
Heilbronn;;Hieberstraße;14-18;14-18;6-12;1-3;80-92;14-20;20-25;18-22;37-57;;;
Heilbronn;;Hinter dem Fleischbeil;14;14;7;2;70;17;16;13;35;;;
Heilbronn;;Hintertorstraße;14;14;7;2;70;17;16;13;35;;;
Heilbronn;;Hipfelhofer Straße;14;14;7;2;70;17;16;13;35;;;
Heilbronn;;Hiplerweg;9;9;5-6;1-2;48-52;7-9;8-9;5-7;32;;;
Heilbronn;;Hirschstraße;10;10;6-7;1-2;55-60;11-12;9-10;8-9;91-92;;;
Heilbronn;;Hölderlinstraße;9;9;5-6;1-2;48-52;7-9;8-9;5-7;32;;;
Heilbronn;;Hörnlis;9;9;5-6;1-2;48-52;7-9;8-9;5-7;32;;;
Heilbronn;;Hofgartenstraße;9;9;5-6;1-2;48-52;7-9;8-9;5-7;32;;;
Heilbronn;;Hofmannweg;14;14;7;2;70;17;16;13;35;;;
Heilbronn;;Hofstattstraße;14;14;7;2;70;17;16;13;35;;;
Heilbronn;;Hofweg;14;14;7;2;70;17;16;13;35;;;
Heilbronn;;Hofwiesenstraße;9;9;5-6;1-2;48-52;7-9;8-9;5-7;32;;;
Heilbronn;;Hohenloher Straße;14;14;7;2;70;17;16;13;35;;;
Heilbronn;;Hohenstaufenstraße;9;9;5-6;1-2;48-52;7-9;8-9;5-7;32;;;
Heilbronn;;Hohlstraße;14;14;7;2;70;17;16;13;35;;;
Heilbronn;;Hollandstraße;14;14;7;2;70;17;16;13;35;;;
Heilbronn;;Holunderweg;14;14;7;2;70;17;16;13;35;;;
Heilbronn;;Holzstraße;14-18;14-18;6-12;1-3;80-92;14-20;20-25;18-22;37-57;;;
Heilbronn;;Homburger Straße;14;14;7;2;70;17;16;13;35;;;
Heilbronn;;Horkheimer Straße;9;9;5-6;1-2;48-52;7-9;8-9;5-7;32;;;
Heilbronn;;Hortensienweg;14;14;7;2;70;17;16;13;35;;;
Heilbronn;;Hoßäckerweg;14;14;7;2;70;17;16;13;35;;;
Heilbronn;;Hünderstraße;14;14;7;2;70;17;16;13;35;;;
Heilbronn;;Hünefeldstraße;9;9;5-6;1-2;48-52;7-9;8-9;5-7;32;;;
Heilbronn;;Hüttenäckerweg;9;9;5-6;1-2;48-52;7-9;8-9;5-7;32;;;
Heilbronn;;Hugo-Rümelin-Straße;9;9;5-6;1-2;48-52;7-9;8-9;5-7;32;;;
Heilbronn;;Humboldtstraße;9;9;5-6;1-2;48-52;7-9;8-9;5-7;32;;;
Heilbronn;;Hundsbergstraße;9;9;5-6;1-2;48-52;7-9;8-9;5-7;32;;;
Heilbronn;;Huttenstraße;14;14;7;2;70;17;16;13;35;;;
Heilbronn;;Ilsfelder Straße;9;9;5-6;1-2;48-52;7-9;8-9;5-7;32;;;
Heilbronn;;Iltisweg;10;10;6-7;1-2;55-60;11-12;9-10;8-9;91-92;;;
Heilbronn;;Im Breitenloch;9;9;5-6;1-2;48-52;7-9;8-9;5-7;32;;;
Heilbronn;;Im Bruch;14;14;7;2;70;17;16;13;35;;;
Heilbronn;;Im Dachlet;14-18;14-18;6-12;1-3;80-92;14-20;20-25;18-22;37-57;;;
Heilbronn;;Im Entenseele;14;14;7;2;70;17;16;13;35;;;
Heilbronn;;Im Fleischbeil;14;14;7;2;70;17;16;13;35;;;
Heilbronn;;Im Gässle;10;10;6-7;1-2;55-60;11-12;9-10;8-9;91-92;;;
Heilbronn;;Im Gemmingstal;9;9;5-6;1-2;48-52;7-9;8-9;5-7;32;;;
Heilbronn;;Im Gutedel;14;14;7;2;70;17;16;13;35;;;
Heilbronn;;Im Haselter;14;14;7;2;70;17;16;13;35;;;
Heilbronn;;Im Hinterstahl;14-18;14-18;6-12;1-3;80-92;14-20;20-25;18-22;37-57;;;
Heilbronn;;Im Hospitalgrün;14-18;14-18;6-12;1-3;80-92;14-20;20-25;18-22;37-57;;;
Heilbronn;;Im Jockele;14;14;7;2;70;17;16;13;35;;;
Heilbronn;;Im Kehle;14;14;7;2;70;17;16;13;35;;;
Heilbronn;;Im Kohlpfad;9;9;5-6;1-2;48-52;7-9;8-9;5-7;32;;;
Heilbronn;;Im Kleinfeldle;10;10;6-7;1-2;55-60;11-12;9-10;8-9;91-92;;;
Heilbronn;;Im Krautgarten;14;14;7;2;70;17;16;13;35;;;
Heilbronn;;Im Kreuzgrund;14;14;7;2;70;17;16;13;35;;;
Heilbronn;;Im Margstall;14;14;7;2;70;17;16;13;35;;;
Heilbronn;;Im Näpfle;10;10;6-7;1-2;55-60;11-12;9-10;8-9;91-92;;;
Heilbronn;;Im Neckargarten;14-18;14-18;6-12;1-3;80-92;14-20;20-25;18-22;37-57;;;
Heilbronn;;Im Riedgrund;9;9;5-6;1-2;48-52;7-9;8-9;5-7;32;;;
Heilbronn;;Im Schlegelgrund;10;10;6-7;1-2;55-60;11-12;9-10;8-9;91-92;;;
Heilbronn;;Im Schmalweinberg;9;9;5-6;1-2;48-52;7-9;8-9;5-7;32;;;
Heilbronn;;Im Stahlbühl;9;9;5-6;1-2;48-52;7-9;8-9;5-7;32;;;
Heilbronn;;Im Sternberg;9;9;5-6;1-2;48-52;7-9;8-9;5-7;32;;;
Heilbronn;;Im Viehtrieb;14;14;7;2;70;17;16;13;35;;;
Heilbronn;;Im Wannental;9;9;5-6;1-2;48-52;7-9;8-9;5-7;32;;;
Heilbronn;;Im Weingarten;14;14;7;2;70;17;16;13;35;;;
Heilbronn;;Imlinstraße;14-18;14-18;6-12;1-3;80-92;14-20;20-25;18-22;37-57;;;
Heilbronn;;Ina-Seidel-Straße;14-18;14-18;6-12;1-3;80-92;14-20;20-25;18-22;37-57;;;
Heilbronn;;In den Hecken;9;9;5-6;1-2;48-52;7-9;8-9;5-7;32;;;
Heilbronn;;In der Klinge;10;10;6-7;1-2;55-60;11-12;9-10;8-9;91-92;;;
Heilbronn;;In der Steig;14;14;7;2;70;17;16;13;35;;;
Heilbronn;;Industrieplatz;14;14;7;2;70;17;16;13;35;;;
Heilbronn;;Innsbrucker Straße;9;9;5-6;1-2;48-52;7-9;8-9;5-7;32;;;
Heilbronn;;Isolde-Kurz-Straße;9;9;5-6;1-2;48-52;7-9;8-9;5-7;32;;;
Heilbronn;;Ittlinger Straße;14;14;7;2;70;17;16;13;35;;;
Heilbronn;;Jägerhaus;9;9;5-6;1-2;48-52;7-9;8-9;5-7;32;;;
Heilbronn;;Jägerhausstraße;9;9;5-6;1-2;48-52;7-9;8-9;5-7;32;;;
Heilbronn;;Jäkleinstraße;14;14;7;2;70;17;16;13;35;;;
Heilbronn;;Jagststraße;14-18;14-18;6-12;1-3;80-92;14-20;20-25;18-22;37-57;;;
Heilbronn;;Jahnstraße;9;9;5-6;1-2;48-52;7-9;8-9;5-7;32;;;
Heilbronn;;Jakobgasse;14-18;14-18;6-12;1-3;80-92;14-20;20-25;18-22;37-57;;;
Heilbronn;;Jakob-Haspel-Straße;10;10;6-7;1-2;55-60;11-12;9-10;8-9;91-92;;;
Heilbronn;;Jakob-Ramm-Straße;14;14;7;2;70;17;16;13;35;;;
Heilbronn;;Jasminweg;14-18;14-18;6-12;1-3;80-92;14-20;20-25;18-22;37-57;;;
Heilbronn;;Jörg-Metzler-Weg;14;14;7;2;70;17;16;13;35;;;
Heilbronn;;Jörg-Ratgeb-Platz;9;9;5-6;1-2;48-52;7-9;8-9;5-7;32;;;
Heilbronn;;Jörgstraße;14-18;14-18;6-12;1-3;80-92;14-20;20-25;18-22;37-57;;;
Heilbronn;;Johannesburger Straße;14;14;7;2;70;17;16;13;35;;;
Heilbronn;;Johannisgasse;14-18;14-18;6-12;1-3;80-92;14-20;20-25;18-22;37-57;;;
Heilbronn;;Johann-Strauß-Straße;10;10;6-7;1-2;55-60;11-12;9-10;8-9;91-92;;;
Heilbronn;;John-F.-Kennedy-Straße;9;9;5-6;1-2;48-52;7-9;8-9;5-7;32;;;
Heilbronn;;Joseph-Lanner-Straße;10;10;6-7;1-2;55-60;11-12;9-10;8-9;91-92;;;
Heilbronn;;Judengängle;9;9;5-6;1-2;48-52;7-9;8-9;5-7;32;;;
Heilbronn;;Käferflugstraße;14-18;14-18;6-12;1-3;80-92;14-20;20-25;18-22;37-57;;;
Heilbronn;;Kaiser-Friedrich-Platz;14-18;14-18;6-12;1-3;80-92;14-20;20-25;18-22;37-57;;;
Heilbronn;;Kaiserslauterner Straße;14;14;7;2;70;17;16;13;35;;;
Heilbronn;;Kaiserstraße;14-18;14-18;6-12;1-3;80-92;14-20;20-25;18-22;37-57;;;
Heilbronn;;Kalistraße;14-18;14-18;6-12;1-3;80-92;14-20;20-25;18-22;37-57;;;
Heilbronn;;Kanalstraße;14;14;7;2;70;17;16;13;35;;;
Heilbronn;;Kantweg;9;9;5-6;1-2;48-52;7-9;8-9;5-7;32;;;
Heilbronn;;Kapellenweg;10;10;6-7;1-2;55-60;11-12;9-10;8-9;91-92;;;
Heilbronn;;Kappelstraße;14;14;7;2;70;17;16;13;35;;;
Heilbronn;;Karl-Betz-Straße;9;9;5-6;1-2;48-52;7-9;8-9;5-7;32;;;
Heilbronn;;Karl-Döft-Straße;9;9;5-6;1-2;48-52;7-9;8-9;5-7;32;;;
Heilbronn;;Karl-Jäger-Straße;9;9;5-6;1-2;48-52;7-9;8-9;5-7;32;;;
Heilbronn;;Karl-Marx-Straße;14;14;7;2;70;17;16;13;35;;;
Heilbronn;;Karl-May-Straße;14-18;14-18;6-12;1-3;80-92;14-20;20-25;18-22;37-57;;;
Heilbronn;;Karl-Wüst-Straße;14-18;14-18;6-12;1-3;80-92;14-20;20-25;18-22;37-57;;;
Heilbronn;;Karl-Wulle-Straße;9;9;5-6;1-2;48-52;7-9;8-9;5-7;32;;;
Heilbronn;;Karlsruher Straße;14-18;14-18;6-12;1-3;80-92;14-20;20-25;18-22;37-57;;;
Heilbronn;;Karlstraße;14-18;14-18;6-12;1-3;80-92;14-20;20-25;18-22;37-57;;;
Heilbronn;;Karmeliterstraße;14-18;14-18;6-12;1-3;80-92;14-20;20-25;18-22;37-57;;;
Heilbronn;;Kasernengasse;14-18;14-18;6-12;1-3;80-92;14-20;20-25;18-22;37-57;;;
Heilbronn;;Kastanienweg;14;14;7;2;70;17;16;13;35;;;
Heilbronn;;Kastellstraße;14;14;7;2;70;17;16;13;35;;;
Heilbronn;;Katzensteige;9;9;5-6;1-2;48-52;7-9;8-9;5-7;32;;;
Heilbronn;;Kauffmannstraße;9;9;5-6;1-2;48-52;7-9;8-9;5-7;32;;;
Heilbronn;;Kaulbachweg;9;9;5-6;1-2;48-52;7-9;8-9;5-7;32;;;
Heilbronn;;Kehrhütttenstraße;10;10;6-7;1-2;55-60;11-12;9-10;8-9;91-92;;;
Heilbronn;;Keilstraße;14;14;7;2;70;17;16;13;35;;;
Heilbronn;;Keitweg;14;14;7;2;70;17;16;13;35;;;
Heilbronn;;Keltenstraße;9;9;5-6;1-2;48-52;7-9;8-9;5-7;32;;;
Heilbronn;;Kelteräckerstraße;14;14;7;2;70;17;16;13;35;;;
Heilbronn;;Keltergasse;14-18;14-18;6-12;1-3;80-92;14-20;20-25;18-22;37-57;;;
Heilbronn;;Kelterweg;14;14;7;2;70;17;16;13;35;;;
Heilbronn;;Keplerstraße;14-18;14-18;6-12;1-3;80-92;14-20;20-25;18-22;37-57;;;
Heilbronn;;Kernerstraße;14-18;14-18;6-12;1-3;80-92;14-20;20-25;18-22;37-57;;;
Heilbronn;;Kiliansplatz;14-18;14-18;6-12;1-3;80-92;14-20;20-25;18-22;37-57;;;
Heilbronn;;Kilianstraße;14-18;14-18;6-12;1-3;80-92;14-20;20-25;18-22;37-57;;;
Heilbronn;;Kindsberg;14-18;14-18;6-12;1-3;80-92;14-20;20-25;18-22;37-57;;;
Heilbronn;;Kirchbergstraße;14;14;7;2;70;17;16;13;35;;;
Heilbronn;;Kirchbrunnenstraße;14-18;14-18;6-12;1-3;80-92;14-20;20-25;18-22;37-57;;;
Heilbronn;;Kirchgäßle;14;14;7;2;70;17;16;13;35;;;
Heilbronn;;Kirchgasse;14;14;7;2;70;17;16;13;35;;;
Heilbronn;;Kirchhausener Straße;14;14;7;2;70;17;16;13;35;;;
Heilbronn;;Kirchhöfle;14-18;14-18;6-12;1-3;80-92;14-20;20-25;18-22;37-57;;;
Heilbronn;;Kirchsteige;14;14;7;2;70;17;16;13;35;;;
Heilbronn;;Kirchstraße;14;14;7;2;70;17;16;13;35;;;
Heilbronn;;Kirschengartenstraße;14-18;14-18;6-12;1-3;80-92;14-20;20-25;18-22;37-57;;;
Heilbronn;;Kittlerstraße;14-18;14-18;6-12;1-3;80-92;14-20;20-25;18-22;37-57;;;
Heilbronn;;Klarastraße;14-18;14-18;6-12;1-3;80-92;14-20;20-25;18-22;37-57;;;
Heilbronn;;Kleingartacher Straße;14;14;7;2;70;17;16;13;35;;;
Heilbronn;;Kleiststraße;14-18;14-18;6-12;1-3;80-92;14-20;20-25;18-22;37-57;;;
Heilbronn;;Klettstraße;14-18;14-18;6-12;1-3;80-92;14-20;20-25;18-22;37-57;;;
Heilbronn;;Klingenberger Straße;14;14;7;2;70;17;16;13;35;;;
Heilbronn;;Klingenstraße;9;9;5-6;1-2;48-52;7-9;8-9;5-7;32;;;
Heilbronn;;Klopstockstraße;9;9;5-6;1-2;48-52;7-9;8-9;5-7;32;;;
Heilbronn;;Klostergasse;14-18;14-18;6-12;1-3;80-92;14-20;20-25;18-22;37-57;;;
Heilbronn;;Kneippweg;9;9;5-6;1-2;48-52;7-9;8-9;5-7;32;;;
Heilbronn;;Knoblochstraße;14;14;7;2;70;17;16;13;35;;;
Heilbronn;;Knollensteige;14-18;14-18;6-12;1-3;80-92;14-20;20-25;18-22;37-57;;;
Heilbronn;;Knorrstraße;9;9;5-6;1-2;48-52;7-9;8-9;5-7;32;;;
Heilbronn;;Kocherstraße;14;14;7;2;70;17;16;13;35;;;
Heilbronn;;Köhlstraße;9;9;5-6;1-2;48-52;7-9;8-9;5-7;32;;;
Heilbronn;;Kölner Straße;10;10;6-7;1-2;55-60;11-12;9-10;8-9;91-92;;;
Heilbronn;;Königsberger Straße;14;14;7;2;70;17;16;13;35;;;
Heilbronn;;Koepffstraße;14-18;14-18;6-12;1-3;80-92;14-20;20-25;18-22;37-57;;;
Heilbronn;;Kollwitzstraße;14;14;7;2;70;17;16;13;35;;;
Heilbronn;;Kolpingstraße;9;9;5-6;1-2;48-52;7-9;8-9;5-7;32;;;
Heilbronn;;Konradweg;14;14;7;2;70;17;16;13;35;;;
Heilbronn;;Kopernikusweg;14;14;7;2;70;17;16;13;35;;;
Heilbronn;;Kornacherstraße;14-18;14-18;6-12;1-3;80-92;14-20;20-25;18-22;37-57;;;
Heilbronn;;Kornblumenweg;10;10;6-7;1-2;55-60;11-12;9-10;8-9;91-92;;;
Heilbronn;;Kraemerstraße;9;9;5-6;1-2;48-52;7-9;8-9;5-7;32;;;
Heilbronn;;Kraichgauplatz;14;14;7;2;70;17;16;13;35;;;
Heilbronn;;Kramstraße;14-18;14-18;6-12;1-3;80-92;14-20;20-25;18-22;37-57;;;
Heilbronn;;Kranenstraße;14-18;14-18;6-12;1-3;80-92;14-20;20-25;18-22;37-57;;;
Heilbronn;;Krautgartenweg;14;14;7;2;70;17;16;13;35;;;
Heilbronn;;Kreuzäckerstraße;9;9;5-6;1-2;48-52;7-9;8-9;5-7;32;;;
Heilbronn;;Kreuzenstraße;14-18;14-18;6-12;1-3;80-92;14-20;20-25;18-22;37-57;;;
Heilbronn;;Krugstraße;9;9;5-6;1-2;48-52;7-9;8-9;5-7;32;;;
Heilbronn;;Krumme Steige;9;9;5-6;1-2;48-52;7-9;8-9;5-7;32;;;
Heilbronn;;Krumme Straße;14;14;7;2;70;17;16;13;35;;;
Heilbronn;;Krummlandstraße;14;14;7;2;70;17;16;13;35;;;
Heilbronn;;Kübelstraße;9;9;5-6;1-2;48-52;7-9;8-9;5-7;32;;;
Heilbronn;;Kunzestraße;9;9;5-6;1-2;48-52;7-9;8-9;5-7;32;;;
Heilbronn;;Kurt-Schumacher-Platz;14-18;14-18;6-12;1-3;80-92;14-20;20-25;18-22;37-57;;;
Heilbronn;;Kurze Gasse;14;14;7;2;70;17;16;13;35;;;
Heilbronn;;Kurze Straße;9;9;5-6;1-2;48-52;7-9;8-9;5-7;32;;;
Heilbronn;;Lachmannstraße;14-18;14-18;6-12;1-3;80-92;14-20;20-25;18-22;37-57;;;
Heilbronn;;Lämlinstraße;14;14;7;2;70;17;16;13;35;;;
Heilbronn;;Länderlesstraße;10;10;6-7;1-2;55-60;11-12;9-10;8-9;91-92;;;
Heilbronn;;Längelter;14;14;7;2;70;17;16;13;35;;;
Heilbronn;;Längelterstraße;14;14;7;2;70;17;16;13;35;;;
Heilbronn;;Lammgasse;14-18;14-18;6-12;1-3;80-92;14-20;20-25;18-22;37-57;;;
Heilbronn;;Landturmstraße;14;14;7;2;70;17;16;13;35;;;
Heilbronn;;Landwehr;9;9;5-6;1-2;48-52;7-9;8-9;5-7;32;;;
Heilbronn;;Landwehrstraße;14;14;7;2;70;17;16;13;35;;;
Heilbronn;;Langer Rain;14;14;7;2;70;17;16;13;35;;;
Heilbronn;;Latzeläckerweg;14;14;7;2;70;17;16;13;35;;;
Heilbronn;;Lauerweg;14-18;14-18;6-12;1-3;80-92;14-20;20-25;18-22;37-57;;;
Heilbronn;;Lauffener Straße;9;9;5-6;1-2;48-52;7-9;8-9;5-7;32;;;
Heilbronn;;Lauterbachweg;9;9;5-6;1-2;48-52;7-9;8-9;5-7;32;;;
Heilbronn;;Lehmhaldenstraße;14;14;7;2;70;17;16;13;35;;;
Heilbronn;;Leiblstraße;9;9;5-6;1-2;48-52;7-9;8-9;5-7;32;;;
Heilbronn;;Leibnitzstraße;14;14;7;2;70;17;16;13;35;;;
Heilbronn;;Leinbachstraße;14;14;7;2;70;17;16;13;35;;;
Heilbronn;;Leingartener Straße;14;14;7;2;70;17;16;13;35;;;
Heilbronn;;Leintalstraße;14;14;7;2;70;17;16;13;35;;;
Heilbronn;;Leisbrunnenstraße;14;14;7;2;70;17;16;13;35;;;
Heilbronn;;Lenaustraße;9;9;5-6;1-2;48-52;7-9;8-9;5-7;32;;;
Heilbronn;;Lenbachweg;9;9;5-6;1-2;48-52;7-9;8-9;5-7;32;;;
Heilbronn;;Lenzweg;14;14;7;2;70;17;16;13;35;;;
Heilbronn;;Leonhard-Frank-Straße;10;10;6-7;1-2;55-60;11-12;9-10;8-9;91-92;;;
Heilbronn;;Leonhardstraße;14;14;7;2;70;17;16;13;35;;;
Heilbronn;;Lerchenstraße;14-18;14-18;6-12;1-3;80-92;14-20;20-25;18-22;37-57;;;
Heilbronn;;Lerchenstraße ab Nr. 54;9;9;5-6;1-2;48-52;7-9;8-9;5-7;32;;;
Heilbronn;;Lessingstraße;14-18;14-18;6-12;1-3;80-92;14-20;20-25;18-22;37-57;;;
Heilbronn;;Letten;9;9;5-6;1-2;48-52;7-9;8-9;5-7;32;;;
Heilbronn;;Lichtenbergerstraße;14-18;14-18;6-12;1-3;80-92;14-20;20-25;18-22;37-57;;;
Heilbronn;;Liebermannstraße;14-18;14-18;6-12;1-3;80-92;14-20;20-25;18-22;37-57;;;
Heilbronn;;Liebigstraße;9;9;5-6;1-2;48-52;7-9;8-9;5-7;32;;;
Heilbronn;;Liederkranzstraße;14-18;14-18;6-12;1-3;80-92;14-20;20-25;18-22;37-57;;;
Heilbronn;;Lilienthalstraße;14-18;14-18;6-12;1-3;80-92;14-20;20-25;18-22;37-57;;;
Heilbronn;;Lilienweg;14-18;14-18;6-12;1-3;80-92;14-20;20-25;18-22;37-57;;;
Heilbronn;;Limesstraße;14;14;7;2;70;17;16;13;35;;;
Heilbronn;;Lindenhof;14;14;7;2;70;17;16;13;35;;;
Heilbronn;;Lindenstraße;14;14;7;2;70;17;16;13;35;;;
Heilbronn;;Linkstraße;14-18;14-18;6-12;1-3;80-92;14-20;20-25;18-22;37-57;;;
Heilbronn;;Linsenbuckel;9;9;5-6;1-2;48-52;7-9;8-9;5-7;32;;;
Heilbronn;;Lise-Meitner-Straße;9;9;5-6;1-2;48-52;7-9;8-9;5-7;32;;;
Heilbronn;;Liststraße;9;9;5-6;1-2;48-52;7-9;8-9;5-7;32;;;
Heilbronn;;Lixstraße;14-18;14-18;6-12;1-3;80-92;14-20;20-25;18-22;37-57;;;
Heilbronn;;Lochingerstraße;9;9;5-6;1-2;48-52;7-9;8-9;5-7;32;;;
Heilbronn;;Löwensteiner Straße;9;9;5-6;1-2;48-52;7-9;8-9;5-7;32;;;
Heilbronn;;Lohtorstraße;14-18;14-18;6-12;1-3;80-92;14-20;20-25;18-22;37-57;;;
Heilbronn;;Lortzingstraße;14;14;7;2;70;17;16;13;35;;;
Heilbronn;;Lothringer Straße;9;9;5-6;1-2;48-52;7-9;8-9;5-7;32;;;
Heilbronn;;Louis-Hentges-Straße;9;9;5-6;1-2;48-52;7-9;8-9;5-7;32;;;
Heilbronn;;Ludwig-Essinger-Straße;14;14;7;2;70;17;16;13;35;;;
Heilbronn;;Ludwid-Pfau-Straße;9;9;5-6;1-2;48-52;7-9;8-9;5-7;32;;;
Heilbronn;;Ludwig-Richter-Straße;9;9;5-6;1-2;48-52;7-9;8-9;5-7;32;;;
Heilbronn;;Ludwig-Wunderlich-Straße;14;14;7;2;70;17;16;13;35;;;
Heilbronn;;Ludwigsburger Straße;14;14;7;2;70;17;16;13;35;;;
Heilbronn;;Ludwigstraße;10;10;6-7;1-2;55-60;11-12;9-10;8-9;91-92;;;
Heilbronn;;Lückenstraße;14;14;7;2;70;17;16;13;35;;;
Heilbronn;;Luisenstraße;9;9;5-6;1-2;48-52;7-9;8-9;5-7;32;;;
Heilbronn;;Lukas-Cranach-Weg;9;9;5-6;1-2;48-52;7-9;8-9;5-7;32;;;
Heilbronn;;Lutzstraße;9;9;5-6;1-2;48-52;7-9;8-9;5-7;32;;;
Heilbronn;;Maasstraße;14;14;7;2;70;17;16;13;35;;;
Heilbronn;;Maienfelser Weg;9;9;5-6;1-2;48-52;7-9;8-9;5-7;32;;;
Heilbronn;;Maihaldenstraße;14;14;7;2;70;17;16;13;35;;;
Heilbronn;;Mainhardter Straße;9;9;5-6;1-2;48-52;7-9;8-9;5-7;32;;;
Heilbronn;;Mainzer Straße;10;10;6-7;1-2;55-60;11-12;9-10;8-9;91-92;;;
Heilbronn;;Mandrystraße;9;9;5-6;1-2;48-52;7-9;8-9;5-7;32;;;
Heilbronn;;Mannheimer Straße;14-18;14-18;6-12;1-3;80-92;14-20;20-25;18-22;37-57;;;
Heilbronn;;Marburger Straße;10;10;6-7;1-2;55-60;11-12;9-10;8-9;91-92;;;
Heilbronn;;Marderweg;10;10;6-7;1-2;55-60;11-12;9-10;8-9;91-92;;;
Heilbronn;;Marienburger Straße;14;14;7;2;70;17;16;13;35;;;
Heilbronn;;Markgraf-Ludwig-Straße;9;9;5-6;1-2;48-52;7-9;8-9;5-7;32;;;
Heilbronn;;Marktplatz;14-18;14-18;6-12;1-3;80-92;14-20;20-25;18-22;37-57;;;
Heilbronn;;Martin-Luther-Straße;9;9;5-6;1-2;48-52;7-9;8-9;5-7;32;;;
Heilbronn;;Martin-Niemöller-Straße;14;14;7;2;70;17;16;13;35;;;
Heilbronn;;Massenbacher Straße;14;14;7;2;70;17;16;13;35;;;
Heilbronn;;Mathias-Erzberger-Straße;10;10;6-7;1-2;55-60;11-12;9-10;8-9;91-92;;;
Heilbronn;;Mauerstraße;9;9;5-6;1-2;48-52;7-9;8-9;5-7;32;;;
Heilbronn;;Maulbronner Straße;14;14;7;2;70;17;16;13;35;;;
Heilbronn;;Mauserstraße;9;9;5-6;1-2;48-52;7-9;8-9;5-7;32;;;
Heilbronn;;Maustalstraße;14-18;14-18;6-12;1-3;80-92;14-20;20-25;18-22;37-57;;;
Heilbronn;;Max-Planck-Straße;9;9;5-6;1-2;48-52;7-9;8-9;5-7;32;;;
Heilbronn;;Max-Reger-Straße;10;10;6-7;1-2;55-60;11-12;9-10;8-9;91-92;;;
Heilbronn;;Max-von-Laue-Straße;9;9;5-6;1-2;48-52;7-9;8-9;5-7;32;;;
Heilbronn;;Maybachstraße;14-18;14-18;6-12;1-3;80-92;14-20;20-25;18-22;37-57;;;
Heilbronn;;Meisenhalde;14;14;7;2;70;17;16;13;35;;;
Heilbronn;;Meisenweg;14-18;14-18;6-12;1-3;80-92;14-20;20-25;18-22;37-57;;;
Heilbronn;;Melanchthonweg;14;14;7;2;70;17;16;13;35;;;
Heilbronn;;Melli-Beese-Straße;9;9;5-6;1-2;48-52;7-9;8-9;5-7;32;;;
Heilbronn;;Memeler Straße;14;14;7;2;70;17;16;13;35;;;
Heilbronn;;Menzelstraße;9;9;5-6;1-2;48-52;7-9;8-9;5-7;32;;;
Heilbronn;;Mergenthalerstraße;14-18;14-18;6-12;1-3;80-92;14-20;20-25;18-22;37-57;;;
Heilbronn;;Merianstraße;9;9;5-6;1-2;48-52;7-9;8-9;5-7;32;;;
Heilbronn;;Merkurstraße;9;9;5-6;1-2;48-52;7-9;8-9;5-7;32;;;
Heilbronn;;Mertzweg;9;9;5-6;1-2;48-52;7-9;8-9;5-7;32;;;
Heilbronn;;Mettelbachstraße;14-18;14-18;6-12;1-3;80-92;14-20;20-25;18-22;37-57;;;
Heilbronn;;Metzer Straße;9;9;5-6;1-2;48-52;7-9;8-9;5-7;32;;;
Heilbronn;;Metzgergasse;14-18;14-18;6-12;1-3;80-92;14-20;20-25;18-22;37-57;;;
Heilbronn;;Michael-Vehe-Straße;14-18;14-18;6-12;1-3;80-92;14-20;20-25;18-22;37-57;;;
Heilbronn;;Michael-Vehe-Straße ab Nr. 17;10;10;6-7;1-2;55-60;11-12;9-10;8-9;91-92;;;
Heilbronn;;Michelsbergstraße;14;14;7;2;70;17;16;13;35;;;
Heilbronn;;Millerstraße;14-18;14-18;6-12;1-3;80-92;14-20;20-25;18-22;37-57;;;
Heilbronn;;Mittelstraße;14;14;7;2;70;17;16;13;35;;;
Heilbronn;;Mittlerer Weg;14;14;7;2;70;17;16;13;35;;;
Heilbronn;;Mittnachtstraße;14-18;14-18;6-12;1-3;80-92;14-20;20-25;18-22;37-57;;;
Heilbronn;;Mönchseestraße;14-18;14-18;6-12;1-3;80-92;14-20;20-25;18-22;37-57;;;
Heilbronn;;Mörikestraße;9;9;5-6;1-2;48-52;7-9;8-9;5-7;32;;;
Heilbronn;;Möwenstraße;14;14;7;2;70;17;16;13;35;;;
Heilbronn;;Moltkestraße;14-18;14-18;6-12;1-3;80-92;14-20;20-25;18-22;37-57;;;
Heilbronn;;Moosbruggerstraße;9;9;5-6;1-2;48-52;7-9;8-9;5-7;32;;;
Heilbronn;;Mosbacher Straße;10;10;6-7;1-2;55-60;11-12;9-10;8-9;91-92;;;
Heilbronn;;Mosergasse;14-18;14-18;6-12;1-3;80-92;14-20;20-25;18-22;37-57;;;
Heilbronn;;Mozartstraße;14-18;14-18;6-12;1-3;80-92;14-20;20-25;18-22;37-57;;;
Heilbronn;;Mühläckerstraße;9;9;5-6;1-2;48-52;7-9;8-9;5-7;32;;;
Heilbronn;;Mühlbachstraße;14;14;7;2;70;17;16;13;35;;;
Heilbronn;;Mühlberg;10;10;6-7;1-2;55-60;11-12;9-10;8-9;91-92;;;
Heilbronn;;Mühlbergstraße;14-18;14-18;6-12;1-3;80-92;14-20;20-25;18-22;37-57;;;
Heilbronn;;Mühle;10;10;6-7;1-2;55-60;11-12;9-10;8-9;91-92;;;
Heilbronn;;Mühlgasse;14-18;14-18;6-12;1-3;80-92;14-20;20-25;18-22;37-57;;;
Heilbronn;;Mühlrainstraße;10;10;6-7;1-2;55-60;11-12;9-10;8-9;91-92;;;
Heilbronn;;Mühlstraße;14;14;7;2;70;17;16;13;35;;;
Heilbronn;;Münchener Straße;14;14;7;2;70;17;16;13;35;;;
Heilbronn;;Münzerstraße;14;14;7;2;70;17;16;13;35;;;
Heilbronn;;Münzingstraße;14-18;14-18;6-12;1-3;80-92;14-20;20-25;18-22;37-57;;;
Heilbronn;;Mundelsheimer Straße;9;9;5-6;1-2;48-52;7-9;8-9;5-7;32;;;
Heilbronn;;Nachtigallenweg;14-18;14-18;6-12;1-3;80-92;14-20;20-25;18-22;37-57;;;
Heilbronn;;Nägelingasse;14-18;14-18;6-12;1-3;80-92;14-20;20-25;18-22;37-57;;;
Heilbronn;;Narzissenweg;14-18;14-18;6-12;1-3;80-92;14-20;20-25;18-22;37-57;;;
Heilbronn;;Neckargartacher Straße;14;14;7;2;70;17;16;13;35;;;
Heilbronn;;Neckarhalde;9;9;5-6;1-2;48-52;7-9;8-9;5-7;32;;;
Heilbronn;;Neckarsulmer Straße;14-18;14-18;6-12;1-3;80-92;14-20;20-25;18-22;37-57;;;
Heilbronn;;Neckartalstraße;14;14;7;2;70;17;16;13;35;;;
Heilbronn;;Neipperger Höhe;14;14;7;2;70;17;16;13;35;;;
Heilbronn;;Neipperger Straße;14;14;7;2;70;17;16;13;35;;;
Heilbronn;;Nelkenweg;10;10;6-7;1-2;55-60;11-12;9-10;8-9;91-92;;;
Heilbronn;;Neue Straße;14;14;7;2;70;17;16;13;35;;;
Heilbronn;;Neuböllinger Hof;9;9;5-6;1-2;48-52;7-9;8-9;5-7;32;;;
Heilbronn;;Neuwiesenstraße;14;14;7;2;70;17;16;13;35;;;
Heilbronn;;Nickelstraße;9;9;5-6;1-2;48-52;7-9;8-9;5-7;32;;;
Heilbronn;;Niederhofener Straße;14;14;7;2;70;17;16;13;35;;;
Heilbronn;;Nördlinger Straße;9;9;5-6;1-2;48-52;7-9;8-9;5-7;32;;;
Heilbronn;;Nordbergstraße;14-18;14-18;6-12;1-3;80-92;14-20;20-25;18-22;37-57;;;
Heilbronn;;Nordheimer Weg;14;14;7;2;70;17;16;13;35;;;
Heilbronn;;Nordstraße;14-18;14-18;6-12;1-3;80-92;14-20;20-25;18-22;37-57;;;
Heilbronn;;Nürnberger Straße;9;9;5-6;1-2;48-52;7-9;8-9;5-7;32;;;
Heilbronn;;Nußäckerstraße;14;14;7;2;70;17;16;13;35;;;
Heilbronn;;Obere Kanalstraße;14;14;7;2;70;17;16;13;35;;;
Heilbronn;;Obere Neckarstraße;14-18;14-18;6-12;1-3;80-92;14-20;20-25;18-22;37-57;;;
Heilbronn;;Oberes Wehr;14;14;7;2;70;17;16;13;35;;;
Heilbronn;;Obereisesheimer Straße;10;10;6-7;1-2;55-60;11-12;9-10;8-9;91-92;;;
Heilbronn;;Ochsenbrunnenstraße;10;10;6-7;1-2;55-60;11-12;9-10;8-9;91-92;;;
Heilbronn;;Ödenburger Straße;14;14;7;2;70;17;16;13;35;;;
Heilbronn;;Öhringer Straße;9;9;5-6;1-2;48-52;7-9;8-9;5-7;32;;;
Heilbronn;;Östlicher Bretterweg;14-18;14-18;6-12;1-3;80-92;14-20;20-25;18-22;37-57;;;
Heilbronn;;Ohmstraße;14-18;14-18;6-12;1-3;80-92;14-20;20-25;18-22;37-57;;;
Heilbronn;;Olgastraße;14-18;14-18;6-12;1-3;80-92;14-20;20-25;18-22;37-57;;;
Heilbronn;;Orffstraße;10;10;6-7;1-2;55-60;11-12;9-10;8-9;91-92;;;
Heilbronn;;Orthstraße;14-18;14-18;6-12;1-3;80-92;14-20;20-25;18-22;37-57;;;
Heilbronn;;Oststraße;14-18;14-18;6-12;1-3;80-92;14-20;20-25;18-22;37-57;;;
Heilbronn;;Oststraße Nr. 20 und 24;9;9;5-6;1-2;48-52;7-9;8-9;5-7;32;;;
Heilbronn;;Otto-Hahn-Straße;14-18;14-18;6-12;1-3;80-92;14-20;20-25;18-22;37-57;;;
Heilbronn;;Otto-Kirchheimer-Straße;14;14;7;2;70;17;16;13;35;;;
Heilbronn;;Otto-Wels-Straße;10;10;6-7;1-2;55-60;11-12;9-10;8-9;91-92;;;
Heilbronn;;Palmstraße;10;10;6-7;1-2;55-60;11-12;9-10;8-9;91-92;;;
Heilbronn;;Panoramastraße;14-18;14-18;6-12;1-3;80-92;14-20;20-25;18-22;37-57;;;
Heilbronn;;Panoramaweg;14;14;7;2;70;17;16;13;35;;;
Heilbronn;;Pappelweg;14;14;7;2;70;17;16;13;35;;;
Heilbronn;;Paracelsusstraße;9;9;5-6;1-2;48-52;7-9;8-9;5-7;32;;;
Heilbronn;;Parkstraße;9;9;5-6;1-2;48-52;7-9;8-9;5-7;32;;;
Heilbronn;;Parkweg;14-18;14-18;6-12;1-3;80-92;14-20;20-25;18-22;37-57;;;
Heilbronn;;Pater-Kolbe-Straße;10;10;6-7;1-2;55-60;11-12;9-10;8-9;91-92;;;
Heilbronn;;Paul-Gerhardt-Straße;10;10;6-7;1-2;55-60;11-12;9-10;8-9;91-92;;;
Heilbronn;;Paul-Göbel-Straße;14-18;14-18;6-12;1-3;80-92;14-20;20-25;18-22;37-57;;;
Heilbronn;;Paulinenstraße;14-18;14-18;6-12;1-3;80-92;14-20;20-25;18-22;37-57;;;
Heilbronn;;Paul-Weitbrecht-Straße;10;10;6-7;1-2;55-60;11-12;9-10;8-9;91-92;;;
Heilbronn;;Pestalozzistraße;14-18;14-18;6-12;1-3;80-92;14-20;20-25;18-22;37-57;;;
Heilbronn;;Pfaffenhofener Straße;14;14;7;2;70;17;16;13;35;;;
Heilbronn;;Pfaffenstraße;10;10;6-7;1-2;55-60;11-12;9-10;8-9;91-92;;;
Heilbronn;;Pfalzstraße;14-18;14-18;6-12;1-3;80-92;14-20;20-25;18-22;37-57;;;
Heilbronn;;Pfarrgasse;14;14;7;2;70;17;16;13;35;;;
Heilbronn;;Pfizerstraße;9;9;5-6;1-2;48-52;7-9;8-9;5-7;32;;;
Heilbronn;;Pforzheimer Straße;10;10;6-7;1-2;55-60;11-12;9-10;8-9;91-92;;;
Heilbronn;;Pfühlstraße ab Nr 52+57;9;9;5-6;1-2;48-52;7-9;8-9;5-7;32;;;
Heilbronn;;Pfühlstraße bis Nr 50+55;14-18;14-18;6-12;1-3;80-92;14-20;20-25;18-22;37-57;;;
Heilbronn;;Pfützäckerweg;14;14;7;2;70;17;16;13;35;;;
Heilbronn;;Philipp-Hagner-Straße;10;10;6-7;1-2;55-60;11-12;9-10;8-9;91-92;;;
Heilbronn;;Pilgramstraße;9;9;5-6;1-2;48-52;7-9;8-9;5-7;32;;;
Heilbronn;;Pirolweg;14;14;7;2;70;17;16;13;35;;;
Heilbronn;;Platanenstraße;14;14;7;2;70;17;16;13;35;;;
Heilbronn;;Platenweg;9;9;5-6;1-2;48-52;7-9;8-9;5-7;32;;;
Heilbronn;;Port-Talbot-Straße;9;9;5-6;1-2;48-52;7-9;8-9;5-7;32;;;
Heilbronn;;Poststraße;10;10;6-7;1-2;55-60;11-12;9-10;8-9;91-92;;;
Heilbronn;;Primelweg;10;10;6-7;1-2;55-60;11-12;9-10;8-9;91-92;;;
Heilbronn;;Planstraße;9;9;5-6;1-2;48-52;7-9;8-9;5-7;32;;;
Heilbronn;;Quellenstraße;9;9;5-6;1-2;48-52;7-9;8-9;5-7;32;;;
Heilbronn;;Querschulgasse;14-18;14-18;6-12;1-3;80-92;14-20;20-25;18-22;37-57;;;
Heilbronn;;Querstraße;14;14;7;2;70;17;16;13;35;;;
Heilbronn;;Raabeweg;14-18;14-18;6-12;1-3;80-92;14-20;20-25;18-22;37-57;;;
Heilbronn;;Raffeltersteige;9;9;5-6;1-2;48-52;7-9;8-9;5-7;32;;;
Heilbronn;;Raidweg;9;9;5-6;1-2;48-52;7-9;8-9;5-7;32;;;
Heilbronn;;Raiffeisenstraße;14;14;7;2;70;17;16;13;35;;;
Heilbronn;;Rainlesstraße;14;14;7;2;70;17;16;13;35;;;
Heilbronn;;Rampachertal;9;9;5-6;1-2;48-52;7-9;8-9;5-7;32;;;
Heilbronn;;Rappengasse;14-18;14-18;6-12;1-3;80-92;14-20;20-25;18-22;37-57;;;
Heilbronn;;Rathausgasse;14-18;14-18;6-12;1-3;80-92;14-20;20-25;18-22;37-57;;;
Heilbronn;;Rathausstraße;14;14;7;2;70;17;16;13;35;;;
Heilbronn;;Rathenauplatz;9;9;5-6;1-2;48-52;7-9;8-9;5-7;32;;;
Heilbronn;;Rauchstraße;14-18;14-18;6-12;1-3;80-92;14-20;20-25;18-22;37-57;;;
Heilbronn;;Reiherweg;14;14;7;2;70;17;16;13;35;;;
Heilbronn;;Reinbotstraße;14;14;7;2;70;17;16;13;35;;;
Heilbronn;;Reinerstraße;14;14;7;2;70;17;16;13;35;;;
Heilbronn;;Reinhold-Fyrnys-Straße;14;14;7;2;70;17;16;13;35;;;
Heilbronn;;Reisacher Weg;9;9;5-6;1-2;48-52;7-9;8-9;5-7;32;;;
Heilbronn;;Renzweg;14;14;7;2;70;17;16;13;35;;;
Heilbronn;;Rethelstraße;9;9;5-6;1-2;48-52;7-9;8-9;5-7;32;;;
Heilbronn;;Reußweg;9;9;5-6;1-2;48-52;7-9;8-9;5-7;32;;;
Heilbronn;;Reutlinger Straße;9;9;5-6;1-2;48-52;7-9;8-9;5-7;32;;;
Heilbronn;;Richard-Becker-Straße;9;9;5-6;1-2;48-52;7-9;8-9;5-7;32;;;
Heilbronn;;Richard-Wagner-Straße;9;9;5-6;1-2;48-52;7-9;8-9;5-7;32;;;
Heilbronn;;Rieckherstraße;9;9;5-6;1-2;48-52;7-9;8-9;5-7;32;;;
Heilbronn;;Riedstraße;9;9;5-6;1-2;48-52;7-9;8-9;5-7;32;;;
Heilbronn;;Riedweg;14;14;7;2;70;17;16;13;35;;;
Heilbronn;;Riegrafstraße;14;14;7;2;70;17;16;13;35;;;
Heilbronn;;Rieslingstraße;9;9;5-6;1-2;48-52;7-9;8-9;5-7;32;;;
Heilbronn;;Rilkestraße;10;10;6-7;1-2;55-60;11-12;9-10;8-9;91-92;;;
Heilbronn;;Ringstraße;10;10;6-7;1-2;55-60;11-12;9-10;8-9;91-92;;;
Heilbronn;;Robert-Bosch-Straße;9;9;5-6;1-2;48-52;7-9;8-9;5-7;32;;;
Heilbronn;;Robert-Koch-Straße;9;9;5-6;1-2;48-52;7-9;8-9;5-7;32;;;
Heilbronn;;Robert-Mayer-Straße;9;9;5-6;1-2;48-52;7-9;8-9;5-7;32;;;
Heilbronn;;Robert-Stolz-Weg;14;14;7;2;70;17;16;13;35;;;
Heilbronn;;Römerhof;14;14;7;2;70;17;16;13;35;;;
Heilbronn;;Römerpfad;14;14;7;2;70;17;16;13;35;;;
Heilbronn;;Römerstraße;14;14;7;2;70;17;16;13;35;;;
Heilbronn;;Römerweg;14;14;7;2;70;17;16;13;35;;;
Heilbronn;;Röntgenstraße;9;9;5-6;1-2;48-52;7-9;8-9;5-7;32;;;
Heilbronn;;Rötelstraße;14-18;14-18;6-12;1-3;80-92;14-20;20-25;18-22;37-57;;;
Heilbronn;;Rolandstraße;10;10;6-7;1-2;55-60;11-12;9-10;8-9;91-92;;;
Heilbronn;;Rollwagstraße;9;9;5-6;1-2;48-52;7-9;8-9;5-7;32;;;
Heilbronn;;Rombachstraße;14;14;7;2;70;17;16;13;35;;;
Heilbronn;;Roseggerstraße;14-18;14-18;6-12;1-3;80-92;14-20;20-25;18-22;37-57;;;
Heilbronn;;Rosenau;9;9;5-6;1-2;48-52;7-9;8-9;5-7;32;;;
Heilbronn;;Rosenbergstraße;9;9;5-6;1-2;48-52;7-9;8-9;5-7;32;;;
Heilbronn;;Rosengartstraße;9;9;5-6;1-2;48-52;7-9;8-9;5-7;32;;;
Heilbronn;;Rosengasse;14-18;14-18;6-12;1-3;80-92;14-20;20-25;18-22;37-57;;;
Heilbronn;;Rosenheimer Straße;14;14;7;2;70;17;16;13;35;;;
Heilbronn;;Rosenstraße;14;14;7;2;70;17;16;13;35;;;
Heilbronn;;Rosenweg;10;10;6-7;1-2;55-60;11-12;9-10;8-9;91-92;;;
Heilbronn;;Roßkampfstraße;14-18;14-18;6-12;1-3;80-92;14-20;20-25;18-22;37-57;;;
Heilbronn;;Rothenburger Straße;9;9;5-6;1-2;48-52;7-9;8-9;5-7;32;;;
Heilbronn;;Rudolf-Harbig-Straße;10;10;6-7;1-2;55-60;11-12;9-10;8-9;91-92;;;
Heilbronn;;Rückertstraße;14-18;14-18;6-12;1-3;80-92;14-20;20-25;18-22;37-57;;;
Heilbronn;;Rühlingshäuser Straße;14;14;7;2;70;17;16;13;35;;;
Heilbronn;;Rundstraße;14-18;14-18;6-12;1-3;80-92;14-20;20-25;18-22;37-57;;;
Heilbronn;;Saarbrückener Straße;14;14;7;2;70;17;16;13;35;;;
Heilbronn;;Saarlandstraße;14;14;7;2;70;17;16;13;35;;;
Heilbronn;;Sachsenäckerstraße;14;14;7;2;70;17;16;13;35;;;
Heilbronn;;Salzburger Straße;14;14;7;2;70;17;16;13;35;;;
Heilbronn;;Salzgrund;14-18;14-18;6-12;1-3;80-92;14-20;20-25;18-22;37-57;;;
Heilbronn;;Salzgrundstraße;14-18;14-18;6-12;1-3;80-92;14-20;20-25;18-22;37-57;;;
Heilbronn;;Salzstraße;14-18;14-18;6-12;1-3;80-92;14-20;20-25;18-22;37-57;;;
Heilbronn;;Sandbergsteige;9;9;5-6;1-2;48-52;7-9;8-9;5-7;32;;;
Heilbronn;;Sandgrubenweg;14;14;7;2;70;17;16;13;35;;;
Heilbronn;;Sandweg;9;9;5-6;1-2;48-52;7-9;8-9;5-7;32;;;
Heilbronn;;Sankt-Alban-Gassen;10;10;6-7;1-2;55-60;11-12;9-10;8-9;91-92;;;
Heilbronn;;Sankt-Martin-Straße;9;9;5-6;1-2;48-52;7-9;8-9;5-7;32;;;
Heilbronn;;Schäfergasse;14-18;14-18;6-12;1-3;80-92;14-20;20-25;18-22;37-57;;;
Heilbronn;;Schaeuffelenstraße;14-18;14-18;6-12;1-3;80-92;14-20;20-25;18-22;37-57;;;
Heilbronn;;Schafberg;14;14;7;2;70;17;16;13;35;;;
Heilbronn;;Schafhausstraße;14;14;7;2;70;17;16;13;35;;;
Heilbronn;;Scheidemannstraße;14;14;7;2;70;17;16;13;35;;;
Heilbronn;;Schellengasse;14-18;14-18;6-12;1-3;80-92;14-20;20-25;18-22;37-57;;;
Heilbronn;;Schellingstraße;9;9;5-6;1-2;48-52;7-9;8-9;5-7;32;;;
Heilbronn;;Scherweg;14-18;14-18;6-12;1-3;80-92;14-20;20-25;18-22;37-57;;;
Heilbronn;;Schickhardtstraße;9;9;5-6;1-2;48-52;7-9;8-9;5-7;32;;;
Heilbronn;;Schießhausstraße;14-18;14-18;6-12;1-3;80-92;14-20;20-25;18-22;37-57;;;
Heilbronn;;Schillerberg;14-18;14-18;6-12;1-3;80-92;14-20;20-25;18-22;37-57;;;
Heilbronn;;Schillerstraße;14-18;14-18;6-12;1-3;80-92;14-20;20-25;18-22;37-57;;;
Heilbronn;;Schirrmannstraße;9;9;5-6;1-2;48-52;7-9;8-9;5-7;32;;;
Heilbronn;;Schlachthofstraße;14-18;14-18;6-12;1-3;80-92;14-20;20-25;18-22;37-57;;;
Heilbronn;;Schlegelstraße;9;9;5-6;1-2;48-52;7-9;8-9;5-7;32;;;
Heilbronn;;Schleifhöhe;10;10;6-7;1-2;55-60;11-12;9-10;8-9;91-92;;;
Heilbronn;;Schleifweg;14;14;7;2;70;17;16;13;35;;;
Heilbronn;;Schleusenstraße;14;14;7;2;70;17;16;13;35;;;
Heilbronn;;Schlizstraße;9;9;5-6;1-2;48-52;7-9;8-9;5-7;32;;;
Heilbronn;;Schloßäckerweg;14;14;7;2;70;17;16;13;35;;;
Heilbronn;;Schloßgasse;14;14;7;2;70;17;16;13;35;;;
Heilbronn;;Schloßplatz;10;10;6-7;1-2;55-60;11-12;9-10;8-9;91-92;;;
Heilbronn;;Schloßstraße;10;10;6-7;1-2;55-60;11-12;9-10;8-9;91-92;;;
Heilbronn;;Schloßweg;14;14;7;2;70;17;16;13;35;;;
Heilbronn;;Schluchterner Straße;14;14;7;2;70;17;16;13;35;;;
Heilbronn;;Schlüsseläckerstraße;14;14;7;2;70;17;16;13;35;;;
Heilbronn;;Schlüsselgarnweg;9;9;5-6;1-2;48-52;7-9;8-9;5-7;32;;;
Heilbronn;;Schmidbergstraße;9;9;5-6;1-2;48-52;7-9;8-9;5-7;32;;;
Heilbronn;;Schmollerstraße;9;9;5-6;1-2;48-52;7-9;8-9;5-7;32;;;
Heilbronn;;Schnepfbrunnenstraße;14;14;7;2;70;17;16;13;35;;;
Heilbronn;;Schönbeinstraße;14-18;14-18;6-12;1-3;80-92;14-20;20-25;18-22;37-57;;;
Heilbronn;;Schöntaler Gasse;14-18;14-18;6-12;1-3;80-92;14-20;20-25;18-22;37-57;;;
Heilbronn;;Schoettlestraße;9;9;5-6;1-2;48-52;7-9;8-9;5-7;32;;;
Heilbronn;;Schollenhaldenstraße;14;14;7;2;70;17;16;13;35;;;
Heilbronn;;Schongauerstraße;14;14;7;2;70;17;16;13;35;;;
Heilbronn;;Schozacher Straße;9;9;5-6;1-2;48-52;7-9;8-9;5-7;32;;;
Heilbronn;;Schubartstraße;14-18;14-18;6-12;1-3;80-92;14-20;20-25;18-22;37-57;;;
Heilbronn;;Schuchmannstraße;14;14;7;2;70;17;16;13;35;;;
Heilbronn;;Schüblerstraße;14-18;14-18;6-12;1-3;80-92;14-20;20-25;18-22;37-57;;;
Heilbronn;;Schützenstraße;14-18;14-18;6-12;1-3;80-92;14-20;20-25;18-22;37-57;;;
Heilbronn;;Schulberg;14-18;14-18;6-12;1-3;80-92;14-20;20-25;18-22;37-57;;;
Heilbronn;;Schulbrunnenstraße;10;10;6-7;1-2;55-60;11-12;9-10;8-9;91-92;;;
Heilbronn;;Schulgasse;14-18;14-18;6-12;1-3;80-92;14-20;20-25;18-22;37-57;;;
Heilbronn;;Schulstraße;14;14;7;2;70;17;16;13;35;;;
Heilbronn;;Schultheiß-Hammer-Straße;10;10;6-7;1-2;55-60;11-12;9-10;8-9;91-92;;;
Heilbronn;;Schultheiß-Pfau-Straße;10;10;6-7;1-2;55-60;11-12;9-10;8-9;91-92;;;
Heilbronn;;Schumannstraße;10;10;6-7;1-2;55-60;11-12;9-10;8-9;91-92;;;
Heilbronn;;Schutzbarstraße;9;9;5-6;1-2;48-52;7-9;8-9;5-7;32;;;
Heilbronn;;Schwabenstraße;9;9;5-6;1-2;48-52;7-9;8-9;5-7;32;;;
Heilbronn;;Schwabstraße;9;9;5-6;1-2;48-52;7-9;8-9;5-7;32;;;
Heilbronn;;Schwaigener Straße;14;14;7;2;70;17;16;13;35;;;
Heilbronn;;Schwalbenweg;14;14;7;2;70;17;16;13;35;;;
Heilbronn;;Schweinsbergstraße;9;9;5-6;1-2;48-52;7-9;8-9;5-7;32;;;
Heilbronn;;Schwibbogengasse;14-18;14-18;6-12;1-3;80-92;14-20;20-25;18-22;37-57;;;
Heilbronn;;Schwindstraße;9;9;5-6;1-2;48-52;7-9;8-9;5-7;32;;;
Heilbronn;;Seeligstraße;14;14;7;2;70;17;16;13;35;;;
Heilbronn;;Seestraße;14;14;7;2;70;17;16;13;35;;;
Heilbronn;;Seewiesen;14;14;7;2;70;17;16;13;35;;;
Heilbronn;;Semmelweisstraße;9;9;5-6;1-2;48-52;7-9;8-9;5-7;32;;;
Heilbronn;;Sepp-Herberger-Straße;10;10;6-7;1-2;55-60;11-12;9-10;8-9;91-92;;;
Heilbronn;;Sichererstraße;14-18;14-18;6-12;1-3;80-92;14-20;20-25;18-22;37-57;;;
Heilbronn;;Sickingerstraße;14;14;7;2;70;17;16;13;35;;;
Heilbronn;;Siebenbürgenstraße;14;14;7;2;70;17;16;13;35;;;
Heilbronn;;Siebeneichgasse;14-18;14-18;6-12;1-3;80-92;14-20;20-25;18-22;37-57;;;
Heilbronn;;Siebenmorgenweg;14;14;7;2;70;17;16;13;35;;;
Heilbronn;;Siebennußbaumstraße;9;9;5-6;1-2;48-52;7-9;8-9;5-7;32;;;
Heilbronn;;Siechenhausweg;14-18;14-18;6-12;1-3;80-92;14-20;20-25;18-22;37-57;;;
Heilbronn;;Siedlungsstraße;14;14;7;2;70;17;16;13;35;;;
Heilbronn;;Siedlungsweg;14;14;7;2;70;17;16;13;35;;;
Heilbronn;;Siegfried-Gumbel-Straße;9;9;5-6;1-2;48-52;7-9;8-9;5-7;32;;;
Heilbronn;;Silcherplatz;9;9;5-6;1-2;48-52;7-9;8-9;5-7;32;;;
Heilbronn;;Silcherstraße;9;9;5-6;1-2;48-52;7-9;8-9;5-7;32;;;
Heilbronn;;Sinsheimer Straße;14;14;7;2;70;17;16;13;35;;;
Heilbronn;;Slubicestraße;9;9;5-6;1-2;48-52;7-9;8-9;5-7;32;;;
Heilbronn;;Solothurner Straße;9;9;5-6;1-2;48-52;7-9;8-9;5-7;32;;;
Heilbronn;;Sommerau;9;9;5-6;1-2;48-52;7-9;8-9;5-7;32;;;
Heilbronn;;Sommerstraße;14;14;7;2;70;17;16;13;35;;;
Heilbronn;;Sonnenbergstraße;14;14;7;2;70;17;16;13;35;;;
Heilbronn;;Sonnengasse;14-18;14-18;6-12;1-3;80-92;14-20;20-25;18-22;37-57;;;
Heilbronn;;Sonnenhalde;14;14;7;2;70;17;16;13;35;;;
Heilbronn;;Sontheimer Landwehr;9;9;5-6;1-2;48-52;7-9;8-9;5-7;32;;;
Heilbronn;;Sontheimer Straße;9;9;5-6;1-2;48-52;7-9;8-9;5-7;32;;;
Heilbronn;;Spechtweg;10;10;6-7;1-2;55-60;11-12;9-10;8-9;91-92;;;
Heilbronn;;Spemannstraße;9;9;5-6;1-2;48-52;7-9;8-9;5-7;32;;;
Heilbronn;;Sperberweg;14;14;7;2;70;17;16;13;35;;;
Heilbronn;;Sperlingsberg;14-18;14-18;6-12;1-3;80-92;14-20;20-25;18-22;37-57;;;
Heilbronn;;Sperlingsweg;14;14;7;2;70;17;16;13;35;;;
Heilbronn;;Spethstraße;9;9;5-6;1-2;48-52;7-9;8-9;5-7;32;;;
Heilbronn;;Speyerer Straße;14;14;7;2;70;17;16;13;35;;;
Heilbronn;;Spitzwegstraße;9;9;5-6;1-2;48-52;7-9;8-9;5-7;32;;;
Heilbronn;;Sporerweg;9;9;5-6;1-2;48-52;7-9;8-9;5-7;32;;;
Heilbronn;;Staadäckerstraße;14;14;7;2;70;17;16;13;35;;;
Heilbronn;;Stäffelesweg;14;14;7;2;70;17;16;13;35;;;
Heilbronn;;Staehlenstraße;9;9;5-6;1-2;48-52;7-9;8-9;5-7;32;;;
Heilbronn;;Staffelstraße;14-18;14-18;6-12;1-3;80-92;14-20;20-25;18-22;37-57;;;
Heilbronn;;Staffelweg;14;14;7;2;70;17;16;13;35;;;
Heilbronn;;Starenweg;14;14;7;2;70;17;16;13;35;;;
Heilbronn;;Starnberger Straße;14;14;7;2;70;17;16;13;35;;;
Heilbronn;;Stauchenstraße;14;14;7;2;70;17;16;13;35;;;
Heilbronn;;Staudingerweg;9;9;5-6;1-2;48-52;7-9;8-9;5-7;32;;;
Heilbronn;;Staufenberger Weg;9;9;5-6;1-2;48-52;7-9;8-9;5-7;32;;;
Heilbronn;;Staufenbergstraße;9;9;5-6;1-2;48-52;7-9;8-9;5-7;32;;;
Heilbronn;;Stedinger Straße;14;14;7;2;70;17;16;13;35;;;
Heilbronn;;Stefan-Zweig-Straße;14-18;14-18;6-12;1-3;80-92;14-20;20-25;18-22;37-57;;;
Heilbronn;;Steinäckerstraße;14;14;7;2;70;17;16;13;35;;;
Heilbronn;;Steinbrünnleswiesen;10;10;6-7;1-2;55-60;11-12;9-10;8-9;91-92;;;
Heilbronn;;Steinhaldestraße;14;14;7;2;70;17;16;13;35;;;
Heilbronn;;Steinstraße;9;9;5-6;1-2;48-52;7-9;8-9;5-7;32;;;
Heilbronn;;Steinweg;14;14;7;2;70;17;16;13;35;;;
Heilbronn;;Stephanstraße;9;9;5-6;1-2;48-52;7-9;8-9;5-7;32;;;
Heilbronn;;Sternberg;9;9;5-6;1-2;48-52;7-9;8-9;5-7;32;;;
Heilbronn;;Sternenfelser Straße;9;9;5-6;1-2;48-52;7-9;8-9;5-7;32;;;
Heilbronn;;Stettener Straße;14;14;7;2;70;17;16;13;35;;;
Heilbronn;;Stettenfelser Straße;9;9;5-6;1-2;48-52;7-9;8-9;5-7;32;;;
Heilbronn;;Stettiner Straße;14;14;7;2;70;17;16;13;35;;;
Heilbronn;;Steubenstraße;14-18;14-18;6-12;1-3;80-92;14-20;20-25;18-22;37-57;;;
Heilbronn;;Stielerstraße;14-18;14-18;6-12;1-3;80-92;14-20;20-25;18-22;37-57;;;
Heilbronn;;Stockgartenweg;14;14;7;2;70;17;16;13;35;;;
Heilbronn;;Stockheimer Straße;14;14;7;2;70;17;16;13;35;;;
Heilbronn;;Stockportstraße;9;9;5-6;1-2;48-52;7-9;8-9;5-7;32;;;
Heilbronn;;Stolzestraße;9;9;5-6;1-2;48-52;7-9;8-9;5-7;32;;;
Heilbronn;;Stormweg;9;9;5-6;1-2;48-52;7-9;8-9;5-7;32;;;
Heilbronn;;Straßburger Straße;10;10;6-7;1-2;55-60;11-12;9-10;8-9;91-92;;;
Heilbronn;;Stresemannstraße;14;14;7;2;70;17;16;13;35;;;
Heilbronn;;Strombergstraße;14;14;7;2;70;17;16;13;35;;;
Heilbronn;;Sturzstraße;14;14;7;2;70;17;16;13;35;;;
Heilbronn;;Stuttgarter Straße;9;9;5-6;1-2;48-52;7-9;8-9;5-7;32;;;
Heilbronn;;Sudetenstraße;14;14;7;2;70;17;16;13;35;;;
Heilbronn;;Südbahnhof;9;9;5-6;1-2;48-52;7-9;8-9;5-7;32;;;
Heilbronn;;Südstraße;9;9;5-6;1-2;48-52;7-9;8-9;5-7;32;;;
Heilbronn;;Sülmermühlstraße;14-18;14-18;6-12;1-3;80-92;14-20;20-25;18-22;37-57;;;
Heilbronn;;Sülmerstraße;14-18;14-18;6-12;1-3;80-92;14-20;20-25;18-22;37-57;;;
Heilbronn;;Synagogenweg;14-18;14-18;6-12;1-3;80-92;14-20;20-25;18-22;37-57;;;
Heilbronn;;Szillaweg;14;14;7;2;70;17;16;13;35;;;
Heilbronn;;Tabakstraße;14;14;7;2;70;17;16;13;35;;;
Heilbronn;;Talheimer Straße;14;14;7;2;70;17;16;13;35;;;
Heilbronn;;Talstraße;14;14;7;2;70;17;16;13;35;;;
Heilbronn;;Talweg;14-18;14-18;6-12;1-3;80-92;14-20;20-25;18-22;37-57;;;
Heilbronn;;Tannenweg;14;14;7;2;70;17;16;13;35;;;
Heilbronn;;Tatschenweg;10;10;6-7;1-2;55-60;11-12;9-10;8-9;91-92;;;
Heilbronn;;Taubenweg;10;10;6-7;1-2;55-60;11-12;9-10;8-9;91-92;;;
Heilbronn;;Taxisstraße;14;14;7;2;70;17;16;13;35;;;
Heilbronn;;Teichäckerweg;14;14;7;2;70;17;16;13;35;;;
Heilbronn;;Teichstraße;14;14;7;2;70;17;16;13;35;;;
Heilbronn;;Teutonenstraße;14;14;7;2;70;17;16;13;35;;;
Heilbronn;;Theodor-Heuss-Straße;14;14;7;2;70;17;16;13;35;;;
Heilbronn;;Theodor-Körner-Straße;10;10;6-7;1-2;55-60;11-12;9-10;8-9;91-92;;;
Heilbronn;;Theodor-Zimmermann-Straße;14;14;7;2;70;17;16;13;35;;;
Heilbronn;;Theophil-Wurm-Straße;9;9;5-6;1-2;48-52;7-9;8-9;5-7;32;;;
Heilbronn;;Theresienstraße;14-18;14-18;6-12;1-3;80-92;14-20;20-25;18-22;37-57;;;
Heilbronn;;Thomas-Mann-Straße;10;10;6-7;1-2;55-60;11-12;9-10;8-9;91-92;;;
Heilbronn;;Thomastraße;9;9;5-6;1-2;48-52;7-9;8-9;5-7;32;;;
Heilbronn;;Thomaswert;14-18;14-18;6-12;1-3;80-92;14-20;20-25;18-22;37-57;;;
Heilbronn;;Tilsiter Weg;14;14;7;2;70;17;16;13;35;;;
Heilbronn;;Tischbeinstraße;9;9;5-6;1-2;48-52;7-9;8-9;5-7;32;;;
Heilbronn;;Titotstraße;14-18;14-18;6-12;1-3;80-92;14-20;20-25;18-22;37-57;;;
Heilbronn;;Tölzer Straße;14;14;7;2;70;17;16;13;35;;;
Heilbronn;;Tränkgasse;14;14;7;2;70;17;16;13;35;;;
Heilbronn;;Trappensee;9;9;5-6;1-2;48-52;7-9;8-9;5-7;32;;;
Heilbronn;;Traubenstraße;9;9;5-6;1-2;48-52;7-9;8-9;5-7;32;;;
Heilbronn;;Traunsteiner Straße;14;14;7;2;70;17;16;13;35;;;
Heilbronn;;Trautenhof;14-18;14-18;6-12;1-3;80-92;14-20;20-25;18-22;37-57;;;
Heilbronn;;Trollingerstraße;9;9;5-6;1-2;48-52;7-9;8-9;5-7;32;;;
Heilbronn;;Truchseßweg;14;14;7;2;70;17;16;13;35;;;
Heilbronn;;Tscherningstraße;14-18;14-18;6-12;1-3;80-92;14-20;20-25;18-22;37-57;;;
Heilbronn;;Tulpenstraße;14;14;7;2;70;17;16;13;35;;;
Heilbronn;;Tulpenweg;10;10;6-7;1-2;55-60;11-12;9-10;8-9;91-92;;;
Heilbronn;;Turmstraße;14-18;14-18;6-12;1-3;80-92;14-20;20-25;18-22;37-57;;;
Heilbronn;;Turnerstraße;14;14;7;2;70;17;16;13;35;;;
Heilbronn;;Uhdestraße;9;9;5-6;1-2;48-52;7-9;8-9;5-7;32;;;
Heilbronn;;Uhlandplatz;14-18;14-18;6-12;1-3;80-92;14-20;20-25;18-22;37-57;;;
Heilbronn;;Uhlandstraße;14-18;14-18;6-12;1-3;80-92;14-20;20-25;18-22;37-57;;;
Heilbronn;;Uhlandstraße ab Nr. 25;9;9;5-6;1-2;48-52;7-9;8-9;5-7;32;;;
Heilbronn;;Ulmenweg;14;14;7;2;70;17;16;13;35;;;
Heilbronn;;Ulrich-Fischer-Weg;14;14;7;2;70;17;16;13;35;;;
Heilbronn;;Ulrich-Stechele-Straße;9;9;5-6;1-2;48-52;7-9;8-9;5-7;32;;;
Heilbronn;;Ulrichstraße;10;10;6-7;1-2;55-60;11-12;9-10;8-9;91-92;;;
Heilbronn;;Unter dem Bruhweg;14;14;7;2;70;17;16;13;35;;;
Heilbronn;;Untere Kanalstraße;14;14;7;2;70;17;16;13;35;;;
Heilbronn;;Untere Neckarstraße;14-18;14-18;6-12;1-3;80-92;14-20;20-25;18-22;37-57;;;
Heilbronn;;Unterer Hagelsberg;9;9;5-6;1-2;48-52;7-9;8-9;5-7;32;;;
Heilbronn;;Unterlandstraße;14-18;14-18;6-12;1-3;80-92;14-20;20-25;18-22;37-57;;;
Heilbronn;;Urbanstraße;9;9;5-6;1-2;48-52;7-9;8-9;5-7;32;;;
Heilbronn;;Veilchenweg;10;10;6-7;1-2;55-60;11-12;9-10;8-9;91-92;;;
Heilbronn;;Verdistraße;10;10;6-7;1-2;55-60;11-12;9-10;8-9;91-92;;;
Heilbronn;;Viehweide;14;14;7;2;70;17;16;13;35;;;
Heilbronn;;Viereckiges Stück;14;14;7;2;70;17;16;13;35;;;
Heilbronn;;Viktor-Scheffel-Straße;14-18;14-18;6-12;1-3;80-92;14-20;20-25;18-22;37-57;;;
Heilbronn;;Victoria-Wolf-Weg;9;9;5-6;1-2;48-52;7-9;8-9;5-7;32;;;
Heilbronn;;Villmatstraße;14-18;14-18;6-12;1-3;80-92;14-20;20-25;18-22;37-57;;;
Heilbronn;;Virchowstraße;9;9;5-6;1-2;48-52;7-9;8-9;5-7;32;;;
Heilbronn;;Vogelsangstraße;14;14;7;2;70;17;16;13;35;;;
Heilbronn;;Von-Klug-Straße;14-18;14-18;6-12;1-3;80-92;14-20;20-25;18-22;37-57;;;
Heilbronn;;Von-Witzleben-Straße;9;9;5-6;1-2;48-52;7-9;8-9;5-7;32;;;
Heilbronn;;Wacholderweg;14;14;7;2;70;17;16;13;35;;;
Heilbronn;;Wachtelweg;10;10;6-7;1-2;55-60;11-12;9-10;8-9;91-92;;;
Heilbronn;;Wacksstraße;14-18;14-18;6-12;1-3;80-92;14-20;20-25;18-22;37-57;;;
Heilbronn;;Wagenburgstraße;14;14;7;2;70;17;16;13;35;;;
Heilbronn;;Waiblingerstraße;9;9;5-6;1-2;48-52;7-9;8-9;5-7;32;;;
Heilbronn;;Walheimer Straße;9;9;5-6;1-2;48-52;7-9;8-9;5-7;32;;;
Heilbronn;;Wannenäckerstraße;10;10;6-7;1-2;55-60;11-12;9-10;8-9;91-92;;;
Heilbronn;;Wartberg;9;9;5-6;1-2;48-52;7-9;8-9;5-7;32;;;
Heilbronn;;Wartbergsteige;14-18;14-18;6-12;1-3;80-92;14-20;20-25;18-22;37-57;;;
Heilbronn;;Wartbergsteige Nr. 88, 92, 109;9;9;5-6;1-2;48-52;7-9;8-9;5-7;32;;;
Heilbronn;;Wartbergstraße;14-18;14-18;6-12;1-3;80-92;14-20;20-25;18-22;37-57;;;
Heilbronn;;Weberstraße;14;14;7;2;70;17;16;13;35;;;
Heilbronn;;Weidach;9;9;5-6;1-2;48-52;7-9;8-9;5-7;32;;;
Heilbronn;;Weidenbäumle;14;14;7;2;70;17;16;13;35;;;
Heilbronn;;Weidemannsgasse;14;14;7;2;70;17;16;13;35;;;
Heilbronn;;Weidenweg;14;14;7;2;70;17;16;13;35;;;
Heilbronn;;Weigandtweg;14;14;7;2;70;17;16;13;35;;;
Heilbronn;;Weinbergstraße;14;14;7;2;70;17;16;13;35;;;
Heilbronn;;Weingartspfädle;14;14;7;2;70;17;16;13;35;;;
Heilbronn;;Weinsberger Straße;14-18;14-18;6-12;1-3;80-92;14-20;20-25;18-22;37-57;;;
Heilbronn;;Weipertstraße;14-18;14-18;6-12;1-3;80-92;14-20;20-25;18-22;37-57;;;
Heilbronn;;Weirachstraße;14-18;14-18;6-12;1-3;80-92;14-20;20-25;18-22;37-57;;;
Heilbronn;;Weißbaumstraße;14-18;14-18;6-12;1-3;80-92;14-20;20-25;18-22;37-57;;;
Heilbronn;;Welschstraße;14;14;7;2;70;17;16;13;35;;;
Heilbronn;;Wendelinstraße;10;10;6-7;1-2;55-60;11-12;9-10;8-9;91-92;;;
Heilbronn;;Werderstraße;9;9;5-6;1-2;48-52;7-9;8-9;5-7;32;;;
Heilbronn;;Wertheimer Straße;10;10;6-7;1-2;55-60;11-12;9-10;8-9;91-92;;;
Heilbronn;;Wertwiesen;9;9;5-6;1-2;48-52;7-9;8-9;5-7;32;;;
Heilbronn;;Westlicher Bretterweg;14-18;14-18;6-12;1-3;80-92;14-20;20-25;18-22;37-57;;;
Heilbronn;;Weststraße;14-18;14-18;6-12;1-3;80-92;14-20;20-25;18-22;37-57;;;
Heilbronn;;Widmannstal;14;14;7;2;70;17;16;13;35;;;
Heilbronn;;Widmannstraße;14;14;7;2;70;17;16;13;35;;;
Heilbronn;;Wielandweg;9;9;5-6;1-2;48-52;7-9;8-9;5-7;32;;;
Heilbronn;;Wieselweg;10;10;6-7;1-2;55-60;11-12;9-10;8-9;91-92;;;
Heilbronn;;Wiesenweg;14-18;14-18;6-12;1-3;80-92;14-20;20-25;18-22;37-57;;;
Heilbronn;;Wildecker Straße;9;9;5-6;1-2;48-52;7-9;8-9;5-7;32;;;
Heilbronn;;Wilhelm-Blos-Straße;9;9;5-6;1-2;48-52;7-9;8-9;5-7;32;;;
Heilbronn;;Wilhelm-Busch-Straße;9;9;5-6;1-2;48-52;7-9;8-9;5-7;32;;;
Heilbronn;;Wilhelm-Flinspach-Straße;14-18;14-18;6-12;1-3;80-92;14-20;20-25;18-22;37-57;;;
Heilbronn;;Wilhelm-Leuschner-Straße;14;14;7;2;70;17;16;13;35;;;
Heilbronn;;Wilhelmstraße;9;9;5-6;1-2;48-52;7-9;8-9;5-7;32;;;
Heilbronn;;Wilhelm-Schäffer-Straße;10;10;6-7;1-2;55-60;11-12;9-10;8-9;91-92;;;
Heilbronn;;Wimpfener Straße;10;10;6-7;1-2;55-60;11-12;9-10;8-9;91-92;;;
Heilbronn;;Wimpfener Weg;10;10;6-7;1-2;55-60;11-12;9-10;8-9;91-92;;;
Heilbronn;;Windgasse;14-18;14-18;6-12;1-3;80-92;14-20;20-25;18-22;37-57;;;
Heilbronn;;Winzerstraße;9;9;5-6;1-2;48-52;7-9;8-9;5-7;32;;;
Heilbronn;;Wittumhalde;14;14;7;2;70;17;16;13;35;;;
Heilbronn;;Wittumweg;10;10;6-7;1-2;55-60;11-12;9-10;8-9;91-92;;;
Heilbronn;;Wohlgelegen;14-18;14-18;6-12;1-3;80-92;14-20;20-25;18-22;37-57;;;
Heilbronn;;Wolfganggasse;14-18;14-18;6-12;1-3;80-92;14-20;20-25;18-22;37-57;;;
Heilbronn;;Wollhausstraße;14-18;14-18;6-12;1-3;80-92;14-20;20-25;18-22;37-57;;;
Heilbronn;;Wollhausstraße ab Nr. 90;9;9;5-6;1-2;48-52;7-9;8-9;5-7;32;;;
Heilbronn;;Wormser Straße;10;10;6-7;1-2;55-60;11-12;9-10;8-9;91-92;;;
Heilbronn;;Würzburger Straße;14;14;7;2;70;17;16;13;35;;;
Heilbronn;;Wüstenroter Straße;9;9;5-6;1-2;48-52;7-9;8-9;5-7;32;;;
Heilbronn;;Wunnensteinstraße;9;9;5-6;1-2;48-52;7-9;8-9;5-7;32;;;
Heilbronn;;Zabergäustraße;14;14;7;2;70;17;16;13;35;;;
Heilbronn;;Zehentgasse;14-18;14-18;6-12;1-3;80-92;14-20;20-25;18-22;37-57;;;
Heilbronn;;Zeisigstraße;14-18;14-18;6-12;1-3;80-92;14-20;20-25;18-22;37-57;;;
Heilbronn;;Zellerstraße;14;14;7;2;70;17;16;13;35;;;
Heilbronn;;Zeppelinstraße;9;9;5-6;1-2;48-52;7-9;8-9;5-7;32;;;
Heilbronn;;Ziegeleistraße;14-18;14-18;6-12;1-3;80-92;14-20;20-25;18-22;37-57;;;
Heilbronn;;Ziegeleistraße ab Nr. 17+20;10;10;6-7;1-2;55-60;11-12;9-10;8-9;91-92;;;
Heilbronn;;Ziegeleiweg;14;14;7;2;70;17;16;13;35;;;
Heilbronn;;Zieglerstraße;14-18;14-18;6-12;1-3;80-92;14-20;20-25;18-22;37-57;;;
Heilbronn;;Ziemssenstraße;14;14;7;2;70;17;16;13;35;;;
Heilbronn;;Zückwolfstraße;9;9;5-6;1-2;48-52;7-9;8-9;5-7;32;;;
Heilbronn;;Zügelstraße;9;9;5-6;1-2;48-52;7-9;8-9;5-7;32;;;
Heilbronn;;Zweite Hohl;14;14;7;2;70;17;16;13;35;;;
Heilbronn;;Zwirnereistraße;9;9;5-6;1-2;48-52;7-9;8-9;5-7;32;;;
