Heilbronn,,Aachener Straße,10,10,6-7,1-2,55-60,11-12,9-10,8-9,91-92,,2013,
Heilbronn,,Achtungstraße,14-18,14-18,6-12,1-3,80-92,14-20,20-25,18-22,37-57,,2013,
Heilbronn,,Adelberger Straße,14-18,14-18,6-12,1-3,80-92,14-20,20-25,18-22,37-57,,2013,
Heilbronn,,Adenauerplatz,14-18,14-18,6-12,1-3,80-92,14-20,20-25,18-22,37-57,,2013,
Heilbronn,,Adlerstraße,14-18,14-18,6-12,1-3,80-92,14-20,20-25,18-22,37-57,,2013,
Heilbronn,,Adolf-Alter Straße,14,14,7,2,70,17,16,13,35,,2013,
Heilbronn,,Adolf-Grimme-Straße,10,10,6-7,1-2,55-60,11-12,9-10,8-9,91-92,,2013,
Heilbronn,,Äußere Mausklinge,9,9,5-6,1-2,48-52,7-9,8-9,5-7,32,,2013,
Heilbronn,,Äußerer Pfühl,9,9,5-6,1-2,48-52,7-9,8-9,5-7,32,,2013,
Heilbronn,,Äußerer Steinweg,9,9,5-6,1-2,48-52,7-9,8-9,5-7,32,,2013,
Heilbronn,,Äußerer Wolfsgraben,14,14,7,2,70,17,16,13,35,,2013,
Heilbronn,,Agnese-Schebest-Straße,9,9,5-6,1-2,48-52,7-9,8-9,5-7,32,,2013,
Heilbronn,,Ahornweg,14,14,7,2,70,17,16,13,35,,2013,
Heilbronn,,Aiblinger Straße,14,14,7,2,70,17,16,13,35,,2013,
Heilbronn,,Akazienweg,10,10,6-7,1-2,55-60,11-12,9-10,8-9,91-92,,2013,
Heilbronn,,Albertistraße,14-18,14-18,6-12,1-3,80-92,14-20,20-25,18-22,37-57,,2013,
Heilbronn,,Albert-Schäffler-Straße,14,14,7,2,70,17,16,13,35,,2013,
Heilbronn,,Albert-Schweitzer-Straße,10,10,6-7,1-2,55-60,11-12,9-10,8-9,91-92,,2013,
Heilbronn,,Albert-Wagner-Straße,14,14,7,2,70,17,16,13,35,,2013,
Heilbronn,,Alemannenstraße,9,9,5-6,1-2,48-52,7-9,8-9,5-7,32,,2013,
Heilbronn,,Alexanderstraße,9,9,5-6,1-2,48-52,7-9,8-9,5-7,32,,2013,
Heilbronn,,Alexander-Baumann-Straße,10,10,6-7,1-2,55-60,11-12,9-10,8-9,91-92,,2013,
Heilbronn,,Alfred-Finkbeiner-Straße,14-18,14-18,6-12,1-3,80-92,14-20,20-25,18-22,37-57,,2013,
Heilbronn,,Alfred-Minner-Straße,14-18,14-18,6-12,1-3,80-92,14-20,20-25,18-22,37-57,,2013,
Heilbronn,,Allee,14-18,14-18,6-12,1-3,80-92,14-20,20-25,18-22,37-57,,2013,
Heilbronn,,Allensteiner Weg,14,14,7,2,70,17,16,13,35,,2013,
Heilbronn,,Allerheiligenstraße,14-18,14-18,6-12,1-3,80-92,14-20,20-25,18-22,37-57,,2013,
Heilbronn,,Allmendweg,14-18,14-18,6-12,1-3,80-92,14-20,20-25,18-22,37-57,,2013,
Heilbronn,,Almosengartenweg,14,14,7,2,70,17,16,13,35,,2013,
Heilbronn,,Alter Hochweg,14,14,7,2,70,17,16,13,35,,2013,
Heilbronn,,Alter Mühlweg,10,10,6-7,1-2,55-60,11-12,9-10,8-9,91-92,,2013,
Heilbronn,,Alter Rathausweg,14,14,7,2,70,17,16,13,35,,2013,
Heilbronn,,Altnachtstraße,14-18,14-18,6-12,1-3,80-92,14-20,20-25,18-22,37-57,,2013,
Heilbronn,,Am Förstle,14-18,14-18,6-12,1-3,80-92,14-20,20-25,18-22,37-57,,2013,
Heilbronn,,Am Gesundbrunnen,14,14,7,2,70,17,16,13,35,,2013,
Heilbronn,,Am Hohrain,9,9,5-6,1-2,48-52,7-9,8-9,5-7,32,,2013,
Heilbronn,,Am Kieselmarkt,14-18,14-18,6-12,1-3,80-92,14-20,20-25,18-22,37-57,,2013,
Heilbronn,,Am Klingenbach,14,14,7,2,70,17,16,13,35,,2013,
Heilbronn,,Am langen Markstein,14,14,7,2,70,17,16,13,35,,2013,
Heilbronn,,Am Melchiorsgraben,9,9,5-6,1-2,48-52,7-9,8-9,5-7,32,,2013,
Heilbronn,,Am Mühlpfädle,14,14,7,2,70,17,16,13,35,,2013,
Heilbronn,,Am Ratsplatz,14-18,14-18,6-12,1-3,80-92,14-20,20-25,18-22,37-57,,2013,
Heilbronn,,Am Rotbach,14,14,7,2,70,17,16,13,35,,2013,
Heilbronn,,Am Salzwerkplatz,14-18,14-18,6-12,1-3,80-92,14-20,20-25,18-22,37-57,,2013,
Heilbronn,,Am Seelesberg,9,9,5-6,1-2,48-52,7-9,8-9,5-7,32,,2013,
Heilbronn,,Am Sülmertor,14-18,14-18,6-12,1-3,80-92,14-20,20-25,18-22,37-57,,2013,
Heilbronn,,Am Teuerbrünnle,10,10,6-7,1-2,55-60,11-12,9-10,8-9,91-92,,2013,
Heilbronn,,Am Viehweg,14-18,14-18,6-12,1-3,80-92,14-20,20-25,18-22,37-57,,2013,
Heilbronn,,Am Wasserturm,14,14,7,2,70,17,16,13,35,,2013,
Heilbronn,,Am Wilhelmskanal,14-18,14-18,6-12,1-3,80-92,14-20,20-25,18-22,37-57,,2013,
Heilbronn,,Am Wollhaus,9,9,5-6,1-2,48-52,7-9,8-9,5-7,32,,2013,
Heilbronn,,Ammernweg,10,10,6-7,1-2,55-60,11-12,9-10,8-9,91-92,,2013,
Heilbronn,,Amselweg,14-18,14-18,6-12,1-3,80-92,14-20,20-25,18-22,37-57,,2013,
Heilbronn,,Amsterdamer Straße,14,14,7,2,70,17,16,13,35,,2013,
Heilbronn,,Andersenstraße,10,10,6-7,1-2,55-60,11-12,9-10,8-9,91-92,,2013,
Heilbronn,,An der Ziegelhütte,9,9,5-6,1-2,48-52,7-9,8-9,5-7,32,,2013,
Heilbronn,,Anemonenweg,14-18,14-18,6-12,1-3,80-92,14-20,20-25,18-22,37-57,,2013,
Heilbronn,,Anna-Collmer-Straße,14,14,7,2,70,17,16,13,35,,2013,
Heilbronn,,Annalindestraße,10,10,6-7,1-2,55-60,11-12,9-10,8-9,91-92,,2013,
Heilbronn,,Ansbacher Straße,14,14,7,2,70,17,16,13,35,,2013,
Heilbronn,,Anton-Bühler-Straße,10,10,6-7,1-2,55-60,11-12,9-10,8-9,91-92,,2013,
Heilbronn,,Armsündersteige,9,9,5-6,1-2,48-52,7-9,8-9,5-7,32,,2013,
Heilbronn,,Arndtstraße,9,9,5-6,1-2,48-52,7-9,8-9,5-7,32,,2013,
Heilbronn,,Arnoldstraße,9,9,5-6,1-2,48-52,7-9,8-9,5-7,32,,2013,
Heilbronn,,Asperger Straße,10,10,6-7,1-2,55-60,11-12,9-10,8-9,91-92,,2013,
Heilbronn,,Asternweg,14,14,7,2,70,17,16,13,35,,2013,
Heilbronn,,Attichäckerstraße,10,10,6-7,1-2,55-60,11-12,9-10,8-9,91-92,,2013,
Heilbronn,,Auerbachstraße,9,9,5-6,1-2,48-52,7-9,8-9,5-7,32,,2013,
Heilbronn,,Auf dem Bau,9,9,5-6,1-2,48-52,7-9,8-9,5-7,32,,2013,
Heilbronn,,Auf der Schanz,14,14,7,2,70,17,16,13,35,,2013,
Heilbronn,,Augustenstraße,14,14,7,2,70,17,16,13,35,,2013,
Heilbronn,,August-Häußer-Straße,14,14,7,2,70,17,16,13,35,,2013,
Heilbronn,,August-Hornung-Straße,14,14,7,2,70,17,16,13,35,,2013,
Heilbronn,,August-Lämmle-Straße,9,9,5-6,1-2,48-52,7-9,8-9,5-7,32,,2013,
Heilbronn,,August-Mogler-Straße,14,14,7,2,70,17,16,13,35,,2013,
Heilbronn,,August-Rücker-Straße,14,14,7,2,70,17,16,13,35,,2013,
Heilbronn,,August-Schreiber-Weg,9,9,5-6,1-2,48-52,7-9,8-9,5-7,32,,2013,
Heilbronn,,August-Wankmiller-Straße,10,10,6-7,1-2,55-60,11-12,9-10,8-9,91-92,,2013,
Heilbronn,,Auhang,14-18,14-18,6-12,1-3,80-92,14-20,20-25,18-22,37-57,,2013,
Heilbronn,,Austraße,14-18,14-18,6-12,1-3,80-92,14-20,20-25,18-22,37-57,,2013,
Heilbronn,,Bachstraße,14,14,7,2,70,17,16,13,35,,2013,
Heilbronn,,Backhausplatz,14,14,7,2,70,17,16,13,35,,2013,
Heilbronn,,Backhausstraße,14,14,7,2,70,17,16,13,35,,2013,
Heilbronn,,Badener Hof,9,9,5-6,1-2,48-52,7-9,8-9,5-7,32,,2013,
Heilbronn,,Badener Straße,9,9,5-6,1-2,48-52,7-9,8-9,5-7,32,,2013,
Heilbronn,,Badstraße,14-18,14-18,6-12,1-3,80-92,14-20,20-25,18-22,37-57,,2013,
Heilbronn,,Bahnhofstraße,14-18,14-18,6-12,1-3,80-92,14-20,20-25,18-22,37-57,,2013,
Heilbronn,,Baltenstraße,14,14,7,2,70,17,16,13,35,,2013,
Heilbronn,,Balthasar-Wolff-Straße,9,9,5-6,1-2,48-52,7-9,8-9,5-7,32,,2013,
Heilbronn,,Bamberger Straße,14,14,7,2,70,17,16,13,35,,2013,
Heilbronn,,Bauernpfadstraße,14-18,14-18,6-12,1-3,80-92,14-20,20-25,18-22,37-57,,2013,
Heilbronn,,Bauernstraße,14,14,7,2,70,17,16,13,35,,2013,
Heilbronn,,Bauleuteweg,14-18,14-18,6-12,1-3,80-92,14-20,20-25,18-22,37-57,,2013,
Heilbronn,,Bebelstraße,9,9,5-6,1-2,48-52,7-9,8-9,5-7,32,,2013,
Heilbronn,,Bechtstraße,14-18,14-18,6-12,1-3,80-92,14-20,20-25,18-22,37-57,,2013,
Heilbronn,,Beethovenstraße,9,9,5-6,1-2,48-52,7-9,8-9,5-7,32,,2013,
Heilbronn,,Behringstraße,9,9,5-6,1-2,48-52,7-9,8-9,5-7,32,,2013,
Heilbronn,,Bensheimer Straße,10,10,6-7,1-2,55-60,11-12,9-10,8-9,91-92,,2013,
Heilbronn,,Benzstraße,14-18,14-18,6-12,1-3,80-92,14-20,20-25,18-22,37-57,,2013,
Heilbronn,,Bergstraße,9,9,5-6,1-2,48-52,7-9,8-9,5-7,32,,2013,
Heilbronn,,Berliner Platz,14-18,14-18,6-12,1-3,80-92,14-20,20-25,18-22,37-57,,2013,
Heilbronn,,Bernhäusle,10,10,6-7,1-2,55-60,11-12,9-10,8-9,91-92,,2013,
Heilbronn,,Bert-Brecht-Straße,14-18,14-18,6-12,1-3,80-92,14-20,20-25,18-22,37-57,,2013,
Heilbronn,,Berwanger Weg,10,10,6-7,1-2,55-60,11-12,9-10,8-9,91-92,,2013,
Heilbronn,,Besigheimer Straße,9,9,5-6,1-2,48-52,7-9,8-9,5-7,32,,2013,
Heilbronn,,Beutingerstraße,9,9,5-6,1-2,48-52,7-9,8-9,5-7,32,,2013,
Heilbronn,,Béziersstraße,9,9,5-6,1-2,48-52,7-9,8-9,5-7,32,,2013,
Heilbronn,,Biberacher Straße,9,9,5-6,1-2,48-52,7-9,8-9,5-7,32,,2013,
Heilbronn,,Bibersteige,14-18,14-18,6-12,1-3,80-92,14-20,20-25,18-22,37-57,,2013,
Heilbronn,,Biedermanngasse,14-18,14-18,6-12,1-3,80-92,14-20,20-25,18-22,37-57,,2013,
Heilbronn,,Bietigheimer Staße,9,9,5-6,1-2,48-52,7-9,8-9,5-7,32,,2013,
Heilbronn,,Binderweg,10,10,6-7,1-2,55-60,11-12,9-10,8-9,91-92,,2013,
Heilbronn,,Binswanger Straße,14-18,14-18,6-12,1-3,80-92,14-20,20-25,18-22,37-57,,2013,
Heilbronn,,Birkenhof,14,14,7,2,70,17,16,13,35,,2013,
Heilbronn,,Bismarckstraße Nr.1-35,14-18,14-18,6-12,1-3,80-92,14-20,20-25,18-22,37-57,,2013,
Heilbronn,,Bismarckstraße ab Nr. 36 und 39,9,9,5-6,1-2,48-52,7-9,8-9,5-7,32,,2013,
Heilbronn,,Bleichstraße,14-18,14-18,6-12,1-3,80-92,14-20,20-25,18-22,37-57,,2013,
Heilbronn,,Blücherstraße,9,9,5-6,1-2,48-52,7-9,8-9,5-7,32,,2013,
Heilbronn,,Blütenweg,10,10,6-7,1-2,55-60,11-12,9-10,8-9,91-92,,2013,
Heilbronn,,Blumenstraße,14,14,7,2,70,17,16,13,35,,2013,
Heilbronn,,Blumhardtstraße,14,14,7,2,70,17,16,13,35,,2013,
Heilbronn,,Bodelschwinghstraße,10,10,6-7,1-2,55-60,11-12,9-10,8-9,91-92,,2013,
Heilbronn,,Bodenstedtstraße,14-18,14-18,6-12,1-3,80-92,14-20,20-25,18-22,37-57,,2013,
Heilbronn,,Böckinger Straße,14,14,7,2,70,17,16,13,35,,2013,
Heilbronn,,Böcklerstraße,14,14,7,2,70,17,16,13,35,,2013,
Heilbronn,,Böcklinstraße,9,9,5-6,1-2,48-52,7-9,8-9,5-7,32,,2013,
Heilbronn,,Böllinger Straße,10,10,6-7,1-2,55-60,11-12,9-10,8-9,91-92,,2013,
Heilbronn,,Bönnigheimer Straße,9,9,5-6,1-2,48-52,7-9,8-9,5-7,32,,2013,
Heilbronn,,Bohnenbergerstraße,14-18,14-18,6-12,1-3,80-92,14-20,20-25,18-22,37-57,,2013,
Heilbronn,,Bolzstraße,9,9,5-6,1-2,48-52,7-9,8-9,5-7,32,,2013,
Heilbronn,,Bonfelder Straße,14-18,14-18,6-12,1-3,80-92,14-20,20-25,18-22,37-57,,2013,
Heilbronn,,Bornweg,9,9,5-6,1-2,48-52,7-9,8-9,5-7,32,,2013,
Heilbronn,,Borsigstraße,9,9,5-6,1-2,48-52,7-9,8-9,5-7,32,,2013,
Heilbronn,,Bottwarbahnstraße,9,9,5-6,1-2,48-52,7-9,8-9,5-7,32,,2013,
Heilbronn,,Brackenheimer Straße,14,14,7,2,70,17,16,13,35,,2013,
Heilbronn,,Brahmsstraße,10,10,6-7,1-2,55-60,11-12,9-10,8-9,91-92,,2013,
Heilbronn,,"Brahmsstraße Nr.2,4,6,8,10,12",14-18,14-18,6-12,1-3,80-92,14-20,20-25,18-22,37-57,,2013,
Heilbronn,,Brechhausstraße,14,14,7,2,70,17,16,13,35,,2013,
Heilbronn,,Breite,9,9,5-6,1-2,48-52,7-9,8-9,5-7,32,,2013,
Heilbronn,,Breitenloch,9,9,5-6,1-2,48-52,7-9,8-9,5-7,32,,2013,
Heilbronn,,Breslauer Straße,14,14,7,2,70,17,16,13,35,,2013,
Heilbronn,,Brögerstraße,14,14,7,2,70,17,16,13,35,,2013,
Heilbronn,,Bruchsaler Straße,14,14,7,2,70,17,16,13,35,,2013,
Heilbronn,,Bruckmannstraße Nr.1-23,14-18,14-18,6-12,1-3,80-92,14-20,20-25,18-22,37-57,,2013,
Heilbronn,,Bruckmannstraße ab Nr. 24,9,9,5-6,1-2,48-52,7-9,8-9,5-7,32,,2013,
Heilbronn,,Brucknerstraße,14,14,7,2,70,17,16,13,35,,2013,
Heilbronn,,Brückenstraße,10,10,6-7,1-2,55-60,11-12,9-10,8-9,91-92,,2013,
Heilbronn,,Brücklespfad,10,10,6-7,1-2,55-60,11-12,9-10,8-9,91-92,,2013,
Heilbronn,,Brüggemannstraße,14-18,14-18,6-12,1-3,80-92,14-20,20-25,18-22,37-57,,2013,
Heilbronn,,Brünnlesstraße,14,14,7,2,70,17,16,13,35,,2013,
Heilbronn,,Bruhweg,14,14,7,2,70,17,16,13,35,,2013,
Heilbronn,,Brunnenstraße,14-18,14-18,6-12,1-3,80-92,14-20,20-25,18-22,37-57,,2013,
Heilbronn,,Buchener Straße,14,14,7,2,70,17,16,13,35,,2013,
Heilbronn,,Buchenhof,14,14,7,2,70,17,16,13,35,,2013,
Heilbronn,,Bundschuhstraße,9,9,5-6,1-2,48-52,7-9,8-9,5-7,32,,2013,
Heilbronn,,Bunsenstraße,14,14,7,2,70,17,16,13,35,,2013,
Heilbronn,,Burenstraße,14-18,14-18,6-12,1-3,80-92,14-20,20-25,18-22,37-57,,2013,
Heilbronn,,Burgmal,14,14,7,2,70,17,16,13,35,,2013,
Heilbronn,,Burgstallstraße,14,14,7,2,70,17,16,13,35,,2013,
Heilbronn,,Burgundenstraße,14,14,7,2,70,17,16,13,35,,2013,
Heilbronn,,Bussardstraße,14-18,14-18,6-12,1-3,80-92,14-20,20-25,18-22,37-57,,2013,
Heilbronn,,Cäcilienbrunnen,9,9,5-6,1-2,48-52,7-9,8-9,5-7,32,,2013,
Heilbronn,,Cäcilienbrunnenstraße,9,9,5-6,1-2,48-52,7-9,8-9,5-7,32,,2013,
Heilbronn,,Cäcilienstraße,9,9,5-6,1-2,48-52,7-9,8-9,5-7,32,,2013,
Heilbronn,,Carl-Zeiss-Straße,10,10,6-7,1-2,55-60,11-12,9-10,8-9,91-92,,2013,
Heilbronn,,Charlottenstraße,9,9,5-6,1-2,48-52,7-9,8-9,5-7,32,,2013,
Heilbronn,,Christian-Leichtle-Straße,14,14,7,2,70,17,16,13,35,,2013,
Heilbronn,,Christophplatz,14-18,14-18,6-12,1-3,80-92,14-20,20-25,18-22,37-57,,2013,
Heilbronn,,Christophstraße,14-18,14-18,6-12,1-3,80-92,14-20,20-25,18-22,37-57,,2013,
Heilbronn,,Claudiusweg,9,9,5-6,1-2,48-52,7-9,8-9,5-7,32,,2013,
Heilbronn,,Cleebronner Weg,9,9,5-6,1-2,48-52,7-9,8-9,5-7,32,,2013,
Heilbronn,,Clußstraße,9,9,5-6,1-2,48-52,7-9,8-9,5-7,32,,2013,
Heilbronn,,Cronbergstraße,9,9,5-6,1-2,48-52,7-9,8-9,5-7,32,,2013,
Heilbronn,,Damaschkestraße,9,9,5-6,1-2,48-52,7-9,8-9,5-7,32,,2013,
Heilbronn,,Dammstraße,14-18,14-18,6-12,1-3,80-92,14-20,20-25,18-22,37-57,,2013,
Heilbronn,,Danziger Straße,14,14,7,2,70,17,16,13,35,,2013,
Heilbronn,,Daucherweg,9,9,5-6,1-2,48-52,7-9,8-9,5-7,32,,2013,
Heilbronn,,David-Friedrich-Strauß-Straße,9,9,5-6,1-2,48-52,7-9,8-9,5-7,32,,2013,
Heilbronn,,Defreggerstraße,9,9,5-6,1-2,48-52,7-9,8-9,5-7,32,,2013,
Heilbronn,,Deinenbachstraße,9,9,5-6,1-2,48-52,7-9,8-9,5-7,32,,2013,
Heilbronn,,Derfflingerstraße,14,14,7,2,70,17,16,13,35,,2013,
Heilbronn,,Deutschhofstraße,14-18,14-18,6-12,1-3,80-92,14-20,20-25,18-22,37-57,,2013,
Heilbronn,,Deutschordenstraße,9,9,5-6,1-2,48-52,7-9,8-9,5-7,32,,2013,
Heilbronn,,Deutschritterstraße,10,10,6-7,1-2,55-60,11-12,9-10,8-9,91-92,,2013,
Heilbronn,,Diedenhofer Weg,9,9,5-6,1-2,48-52,7-9,8-9,5-7,32,,2013,
Heilbronn,,Dieselstraße,14-18,14-18,6-12,1-3,80-92,14-20,20-25,18-22,37-57,,2013,
Heilbronn,,Dinkelsbühler Straße,9,9,5-6,1-2,48-52,7-9,8-9,5-7,32,,2013,
Heilbronn,,Distelfinkweg,14,14,7,2,70,17,16,13,35,,2013,
Heilbronn,,Dittmarstraße,9,9,5-6,1-2,48-52,7-9,8-9,5-7,32,,2013,
Heilbronn,,Dobrudschastraße,9,9,5-6,1-2,48-52,7-9,8-9,5-7,32,,2013,
Heilbronn,,Dörnlesstraße,14,14,7,2,70,17,16,13,35,,2013,
Heilbronn,,Dorfgraben,14,14,7,2,70,17,16,13,35,,2013,
Heilbronn,,Dorfplatz,14,14,7,2,70,17,16,13,35,,2013,
Heilbronn,,Dr.-Hoffmann-Straße,10,10,6-7,1-2,55-60,11-12,9-10,8-9,91-92,,2013,
Heilbronn,,Drosselweg,14-18,14-18,6-12,1-3,80-92,14-20,20-25,18-22,37-57,,2013,
Heilbronn,,Drosteweg,9,9,5-6,1-2,48-52,7-9,8-9,5-7,32,,2013,
Heilbronn,,Dühringstraße,14-18,14-18,6-12,1-3,80-92,14-20,20-25,18-22,37-57,,2013,
Heilbronn,,Dürerstraße,14,14,7,2,70,17,16,13,35,,2013,
Heilbronn,,Eberbacher Weg,10,10,6-7,1-2,55-60,11-12,9-10,8-9,91-92,,2013,
Heilbronn,,Eberhard-Gmelin-Straße,9,9,5-6,1-2,48-52,7-9,8-9,5-7,32,,2013,
Heilbronn,,Eberlinstraße,9,9,5-6,1-2,48-52,7-9,8-9,5-7,32,,2013,
Heilbronn,,Eberstädter Straße,14-18,14-18,6-12,1-3,80-92,14-20,20-25,18-22,37-57,,2013,
Heilbronn,,Eckenerstraße,9,9,5-6,1-2,48-52,7-9,8-9,5-7,32,,2013,
Heilbronn,,Eckweg,14,14,7,2,70,17,16,13,35,,2013,
Heilbronn,,Edisonstraße,14-18,14-18,6-12,1-3,80-92,14-20,20-25,18-22,37-57,,2013,
Heilbronn,,Eduard-Bader-Straße,14,14,7,2,70,17,16,13,35,,2013,
Heilbronn,,Eduard-Hilger-Straße,14,14,7,2,70,17,16,13,35,,2013,
Heilbronn,,Ehrlichstraße,9,9,5-6,1-2,48-52,7-9,8-9,5-7,32,,2013,
Heilbronn,,Eibenweg,14,14,7,2,70,17,16,13,35,,2013,
Heilbronn,,Eichelberger Weg,9,9,5-6,1-2,48-52,7-9,8-9,5-7,32,,2013,
Heilbronn,,Eichendorffstraße,9,9,5-6,1-2,48-52,7-9,8-9,5-7,32,,2013,
Heilbronn,,Eichenhof,14,14,7,2,70,17,16,13,35,,2013,
Heilbronn,,Eichgasse,14-18,14-18,6-12,1-3,80-92,14-20,20-25,18-22,37-57,,2013,
Heilbronn,,Eichhäuser Straße,10,10,6-7,1-2,55-60,11-12,9-10,8-9,91-92,,2013,
Heilbronn,,Eigenheimstraße,9,9,5-6,1-2,48-52,7-9,8-9,5-7,32,,2013,
Heilbronn,,Einsteinstraße,9,9,5-6,1-2,48-52,7-9,8-9,5-7,32,,2013,
Heilbronn,,Eisenbahnstraße,14,14,7,2,70,17,16,13,35,,2013,
Heilbronn,,Eisvogelweg,14,14,7,2,70,17,16,13,35,,2013,
Heilbronn,,Elbinger Straße,14,14,7,2,70,17,16,13,35,,2013,
Heilbronn,,Elisabethenstraße,14,14,7,2,70,17,16,13,35,,2013,
Heilbronn,,Elise-Heß-Straße,10,10,6-7,1-2,55-60,11-12,9-10,8-9,91-92,,2013,
Heilbronn,,Ellwanger Straße,14-18,14-18,6-12,1-3,80-92,14-20,20-25,18-22,37-57,,2013,
Heilbronn,,Elsternweg,14-18,14-18,6-12,1-3,80-92,14-20,20-25,18-22,37-57,,2013,
Heilbronn,,Endgasse,14-18,14-18,6-12,1-3,80-92,14-20,20-25,18-22,37-57,,2013,
Heilbronn,,Enge Gasse,14,14,7,2,70,17,16,13,35,,2013,
Heilbronn,,Entenstraße,14-18,14-18,6-12,1-3,80-92,14-20,20-25,18-22,37-57,,2013,
Heilbronn,,Eppinger Straße,14,14,7,2,70,17,16,13,35,,2013,
Heilbronn,,Erhardgasse,14-18,14-18,6-12,1-3,80-92,14-20,20-25,18-22,37-57,,2013,
Heilbronn,,Erhard-Schnepf-Gasse,14-18,14-18,6-12,1-3,80-92,14-20,20-25,18-22,37-57,,2013,
Heilbronn,,Erlachweg,9,9,5-6,1-2,48-52,7-9,8-9,5-7,32,,2013,
Heilbronn,,Erlenbacher Straße,14-18,14-18,6-12,1-3,80-92,14-20,20-25,18-22,37-57,,2013,
Heilbronn,,Erlenweg,14,14,7,2,70,17,16,13,35,,2013,
Heilbronn,,Ernst-Abbe-Straße,10,10,6-7,1-2,55-60,11-12,9-10,8-9,91-92,,2013,
Heilbronn,,Ernst-Bader-Straße,14,14,7,2,70,17,16,13,35,,2013,
Heilbronn,,Ernst-Amme-Straße,10,10,6-7,1-2,55-60,11-12,9-10,8-9,91-92,,2013,
Heilbronn,,Ernst-Jäckh-Straße,9,9,5-6,1-2,48-52,7-9,8-9,5-7,32,,2013,
Heilbronn,,Ernst-Wecker-Straße,9,9,5-6,1-2,48-52,7-9,8-9,5-7,32,,2013,
Heilbronn,,Erwim-Bannhäuser-Straße,10,10,6-7,1-2,55-60,11-12,9-10,8-9,91-92,,2013,
Heilbronn,,Erwin-Habold-Straße,14,14,7,2,70,17,16,13,35,,2013,
Heilbronn,,Eschenbachstraße,14-18,14-18,6-12,1-3,80-92,14-20,20-25,18-22,37-57,,2013,
Heilbronn,,Eschenweg,14,14,7,2,70,17,16,13,35,,2013,
Heilbronn,,Etzelstraße,14-18,14-18,6-12,1-3,80-92,14-20,20-25,18-22,37-57,,2013,
Heilbronn,,Eugen-Nägele-Straße,9,9,5-6,1-2,48-52,7-9,8-9,5-7,32,,2013,
Heilbronn,,Eulenweg,14,14,7,2,70,17,16,13,35,,2013,
Heilbronn,,Europaplatz,14-18,14-18,6-12,1-3,80-92,14-20,20-25,18-22,37-57,,2013,
Heilbronn,,Eythstraße,9,9,5-6,1-2,48-52,7-9,8-9,5-7,32,,2013,
Heilbronn,,Faißtstraße,14-18,14-18,6-12,1-3,80-92,14-20,20-25,18-22,37-57,,2013,
Heilbronn,,Falkenstraße,14-18,14-18,6-12,1-3,80-92,14-20,20-25,18-22,37-57,,2013,
Heilbronn,,Falltorstraße,10,10,6-7,1-2,55-60,11-12,9-10,8-9,91-92,,2013,
Heilbronn,,Falter,10,10,6-7,1-2,55-60,11-12,9-10,8-9,91-92,,2013,
Heilbronn,,Falterhecklesweg,10,10,6-7,1-2,55-60,11-12,9-10,8-9,91-92,,2013,
Heilbronn,,Falterstraße,10,10,6-7,1-2,55-60,11-12,9-10,8-9,91-92,,2013,
Heilbronn,,Falterweg,14,14,7,2,70,17,16,13,35,,2013,
Heilbronn,,Fasanenstraße,9,9,5-6,1-2,48-52,7-9,8-9,5-7,32,,2013,
Heilbronn,,Felix-Wankel-Straße,14-18,14-18,6-12,1-3,80-92,14-20,20-25,18-22,37-57,,2013,
Heilbronn,,Felsenstraße,14,14,7,2,70,17,16,13,35,,2013,
Heilbronn,,Ferdinand-Braun-Straße,9,9,5-6,1-2,48-52,7-9,8-9,5-7,32,,2013,
Heilbronn,,Feuerbacherweg,14,14,7,2,70,17,16,13,35,,2013,
Heilbronn,,Feurerstraße,10,10,6-7,1-2,55-60,11-12,9-10,8-9,91-92,,2013,
Heilbronn,,Feyerabendstraße,14-18,14-18,6-12,1-3,80-92,14-20,20-25,18-22,37-57,,2013,
Heilbronn,,Fichtestraße,9,9,5-6,1-2,48-52,7-9,8-9,5-7,32,,2013,
Heilbronn,,Finkenbergstraße,14-18,14-18,6-12,1-3,80-92,14-20,20-25,18-22,37-57,,2013,
Heilbronn,,Finkenbergstraße ab Nr. 19,10,10,6-7,1-2,55-60,11-12,9-10,8-9,91-92,,2013,
Heilbronn,,Finkenweg,14,14,7,2,70,17,16,13,35,,2013,
Heilbronn,,Fischergasse,14-18,14-18,6-12,1-3,80-92,14-20,20-25,18-22,37-57,,2013,
Heilbronn,,Flaischlenstraße,14,14,7,2,70,17,16,13,35,,2013,
Heilbronn,,Flammerweg,9,9,5-6,1-2,48-52,7-9,8-9,5-7,32,,2013,
Heilbronn,,Fleiner Straße,14-18,14-18,6-12,1-3,80-92,14-20,20-25,18-22,37-57,,2013,
Heilbronn,,Fliederweg,14,14,7,2,70,17,16,13,35,,2013,
Heilbronn,,Florian-Geyer-Straße,14,14,7,2,70,17,16,13,35,,2013,
Heilbronn,,Floßhafenweg,14-18,14-18,6-12,1-3,80-92,14-20,20-25,18-22,37-57,,2013,
Heilbronn,,Fontanestraße,9,9,5-6,1-2,48-52,7-9,8-9,5-7,32,,2013,
Heilbronn,,Forchenweg,14,14,7,2,70,17,16,13,35,,2013,
Heilbronn,,Forellenstraße,14-18,14-18,6-12,1-3,80-92,14-20,20-25,18-22,37-57,,2013,
Heilbronn,,Frankenbacher Straße Nr. 4 und ab Nr. 72,10,10,6-7,1-2,55-60,11-12,9-10,8-9,91-92,,2013,
Heilbronn,,Frankenbacher Straße Nr. 1-70,14,14,7,2,70,17,16,13,35,,2013,
Heilbronn,,Frankenstraße,14,14,7,2,70,17,16,13,35,,2013,
Heilbronn,,Frankfurter Straße,14-18,14-18,6-12,1-3,80-92,14-20,20-25,18-22,37-57,,2013,
Heilbronn,,Frankfurt-Oder-Straße,9,9,5-6,1-2,48-52,7-9,8-9,5-7,32,,2013,
Heilbronn,,Franziskanerhof,14-18,14-18,6-12,1-3,80-92,14-20,20-25,18-22,37-57,,2013,
Heilbronn,,Franziska-Schmitt-Weg,9,9,5-6,1-2,48-52,7-9,8-9,5-7,32,,2013,
Heilbronn,,Franz-Lehar-Straße,10,10,6-7,1-2,55-60,11-12,9-10,8-9,91-92,,2013,
Heilbronn,,Franz-Reichle-Straße,10,10,6-7,1-2,55-60,11-12,9-10,8-9,91-92,,2013,
Heilbronn,,Franz-Renner-Straße,14-18,14-18,6-12,1-3,80-92,14-20,20-25,18-22,37-57,,2013,
Heilbronn,,Franz-Werfel-Straße,10,10,6-7,1-2,55-60,11-12,9-10,8-9,91-92,,2013,
Heilbronn,,Frauenweg,14-18,14-18,6-12,1-3,80-92,14-20,20-25,18-22,37-57,,2013,
Heilbronn,,Fraunhoferweg,14,14,7,2,70,17,16,13,35,,2013,
Heilbronn,,Freiligrathstraße,9,9,5-6,1-2,48-52,7-9,8-9,5-7,32,,2013,
Heilbronn,,Frida-Schumacher-Straße,10,10,6-7,1-2,55-60,11-12,9-10,8-9,91-92,,2013,
Heilbronn,,Friedensplatz,14-18,14-18,6-12,1-3,80-92,14-20,20-25,18-22,37-57,,2013,
Heilbronn,,Friedenstraße,14,14,7,2,70,17,16,13,35,,2013,
Heilbronn,,Friedhofstraße,9,9,5-6,1-2,48-52,7-9,8-9,5-7,32,,2013,
Heilbronn,,Friedrich-Ackermann-Straße,9,9,5-6,1-2,48-52,7-9,8-9,5-7,32,,2013,
Heilbronn,,Friedrich-Dürr-Straße,9,9,5-6,1-2,48-52,7-9,8-9,5-7,32,,2013,
Heilbronn,,Friedrich-Ebert-Straße,14-18,14-18,6-12,1-3,80-92,14-20,20-25,18-22,37-57,,2013,
Heilbronn,,Friedrich-Naumann-Straße,9,9,5-6,1-2,48-52,7-9,8-9,5-7,32,,2013,
Heilbronn,,Friedrich-Niethammer-Straße,9,9,5-6,1-2,48-52,7-9,8-9,5-7,32,,2013,
Heilbronn,,Friedrichstraße,14,14,7,2,70,17,16,13,35,,2013,
Heilbronn,,Fritz-Haber-Straße,9,9,5-6,1-2,48-52,7-9,8-9,5-7,32,,2013,
Heilbronn,,Fritz-Ulrich-Straße,14,14,7,2,70,17,16,13,35,,2013,
Heilbronn,,Fröbelweg,14,14,7,2,70,17,16,13,35,,2013,
Heilbronn,,Frosch,9,9,5-6,1-2,48-52,7-9,8-9,5-7,32,,2013,
Heilbronn,,Fruchtschuppenweg,14-18,14-18,6-12,1-3,80-92,14-20,20-25,18-22,37-57,,2013,
Heilbronn,,Frundsbergstraße,14,14,7,2,70,17,16,13,35,,2013,
Heilbronn,,Fuchsweg,10,10,6-7,1-2,55-60,11-12,9-10,8-9,91-92,,2013,
Heilbronn,,Fügerstraße,14-18,14-18,6-12,1-3,80-92,14-20,20-25,18-22,37-57,,2013,
Heilbronn,,Fürfelder Straße,14,14,7,2,70,17,16,13,35,,2013,
Heilbronn,,Gabelsbergerstraße,9,9,5-6,1-2,48-52,7-9,8-9,5-7,32,,2013,
Heilbronn,,Gänsäckerstraße,9,9,5-6,1-2,48-52,7-9,8-9,5-7,32,,2013,
Heilbronn,,Gaffenberg,9,9,5-6,1-2,48-52,7-9,8-9,5-7,32,,2013,
Heilbronn,,Gartachgaustraße,10,10,6-7,1-2,55-60,11-12,9-10,8-9,91-92,,2013,
Heilbronn,,Gartengäßchen,14-18,14-18,6-12,1-3,80-92,14-20,20-25,18-22,37-57,,2013,
Heilbronn,,Gartenstraße,14-18,14-18,6-12,1-3,80-92,14-20,20-25,18-22,37-57,,2013,
Heilbronn,,Gaswerkstraße,14-18,14-18,6-12,1-3,80-92,14-20,20-25,18-22,37-57,,2013,
Heilbronn,,Geibelstraße,9,9,5-6,1-2,48-52,7-9,8-9,5-7,32,,2013,
Heilbronn,,Gellertstraße,9,9,5-6,1-2,48-52,7-9,8-9,5-7,32,,2013,
Heilbronn,,Gemmingergasse,14-18,14-18,6-12,1-3,80-92,14-20,20-25,18-22,37-57,,2013,
Heilbronn,,Georg-Vogel-Straße,14,14,7,2,70,17,16,13,35,,2013,
Heilbronn,,Geranienweg,10,10,6-7,1-2,55-60,11-12,9-10,8-9,91-92,,2013,
Heilbronn,,Gerberstraß,14-18,14-18,6-12,1-3,80-92,14-20,20-25,18-22,37-57,,2013,
Heilbronn,,Gerhart-Hauptmann-Straße,10,10,6-7,1-2,55-60,11-12,9-10,8-9,91-92,,2013,
Heilbronn,,Geschwister-Scholl-Straße,14-18,14-18,6-12,1-3,80-92,14-20,20-25,18-22,37-57,,2013,
Heilbronn,,Gildenstraße,9,9,5-6,1-2,48-52,7-9,8-9,5-7,32,,2013,
Heilbronn,,Glockengießerhof,14-18,14-18,6-12,1-3,80-92,14-20,20-25,18-22,37-57,,2013,
Heilbronn,,Glockenstraße,14,14,7,2,70,17,16,13,35,,2013,
Heilbronn,,Gmelichstraße,14,14,7,2,70,17,16,13,35,,2013,
Heilbronn,,Goerdelerstraße,14,14,7,2,70,17,16,13,35,,2013,
Heilbronn,,Görresstraße,9,9,5-6,1-2,48-52,7-9,8-9,5-7,32,,2013,
Heilbronn,,Goethestraße,14-18,14-18,6-12,1-3,80-92,14-20,20-25,18-22,37-57,,2013,
Heilbronn,,Goethestraße Nr. 1 und 3,9,9,5-6,1-2,48-52,7-9,8-9,5-7,32,,2013,
Heilbronn,,Götzenturmstraße,14-18,14-18,6-12,1-3,80-92,14-20,20-25,18-22,37-57,,2013,
Heilbronn,,Goppeltstraße,14-18,14-18,6-12,1-3,80-92,14-20,20-25,18-22,37-57,,2013,
Heilbronn,,Gotenstraße,9,9,5-6,1-2,48-52,7-9,8-9,5-7,32,,2013,
Heilbronn,,Gottfried-Keller-Straße,14-18,14-18,6-12,1-3,80-92,14-20,20-25,18-22,37-57,,2013,
Heilbronn,,Gotthold-Stettner-Weg,14-18,14-18,6-12,1-3,80-92,14-20,20-25,18-22,37-57,,2013,
Heilbronn,,Gottlieb-Daimler-Straße,14-18,14-18,6-12,1-3,80-92,14-20,20-25,18-22,37-57,,2013,
Heilbronn,,Grillparzerweg,9,9,5-6,1-2,48-52,7-9,8-9,5-7,32,,2013,
Heilbronn,,Grimmelshausenstraße,9,9,5-6,1-2,48-52,7-9,8-9,5-7,32,,2013,
Heilbronn,,Grimmstraße,14-18,14-18,6-12,1-3,80-92,14-20,20-25,18-22,37-57,,2013,
Heilbronn,,Gröberstraße,9,9,5-6,1-2,48-52,7-9,8-9,5-7,32,,2013,
Heilbronn,,Große Bahngasse,14-18,14-18,6-12,1-3,80-92,14-20,20-25,18-22,37-57,,2013,
Heilbronn,,Großgartacher Straße,14,14,7,2,70,17,16,13,35,,2013,
Heilbronn,,Grünewaldstraße,14,14,7,2,70,17,16,13,35,,2013,
Heilbronn,,Gruis’sches Gäßchen,14-18,14-18,6-12,1-3,80-92,14-20,20-25,18-22,37-57,,2013,
Heilbronn,,Grundäckerstraße,10,10,6-7,1-2,55-60,11-12,9-10,8-9,91-92,,2013,
Heilbronn,,Gruppenbacher Straße,9,9,5-6,1-2,48-52,7-9,8-9,5-7,32,,2013,
Heilbronn,,Güglinger Straße,14,14,7,2,70,17,16,13,35,,2013,
Heilbronn,,Güldensteinstraße,9,9,5-6,1-2,48-52,7-9,8-9,5-7,32,,2013,
Heilbronn,,Güntershof,14-18,14-18,6-12,1-3,80-92,14-20,20-25,18-22,37-57,,2013,
Heilbronn,,Güterbahnhofstraße,14-18,14-18,6-12,1-3,80-92,14-20,20-25,18-22,37-57,,2013,
Heilbronn,,Guido-Hauck-Straße,9,9,5-6,1-2,48-52,7-9,8-9,5-7,32,,2013,
Heilbronn,,Gundelsheimer Straße,9,9,5-6,1-2,48-52,7-9,8-9,5-7,32,,2013,
Heilbronn,,Gustav-Binder-Straße,14-18,14-18,6-12,1-3,80-92,14-20,20-25,18-22,37-57,,2013,
Heilbronn,,Gustav-Lohmiller-Straße,10,10,6-7,1-2,55-60,11-12,9-10,8-9,91-92,,2013,
Heilbronn,,Gutbrodweg,9,9,5-6,1-2,48-52,7-9,8-9,5-7,32,,2013,
Heilbronn,,Gutenbergstraße,9,9,5-6,1-2,48-52,7-9,8-9,5-7,32,,2013,
Heilbronn,,Gymnasiumstraße,14-18,14-18,6-12,1-3,80-92,14-20,20-25,18-22,37-57,,2013,
Heilbronn,,Haagstraße,14,14,7,2,70,17,16,13,35,,2013,
Heilbronn,,Haberkornstraße,9,9,5-6,1-2,48-52,7-9,8-9,5-7,32,,2013,
Heilbronn,,Habichtstraße,14-18,14-18,6-12,1-3,80-92,14-20,20-25,18-22,37-57,,2013,
Heilbronn,,Habrechtstraße,9,9,5-6,1-2,48-52,7-9,8-9,5-7,32,,2013,
Heilbronn,,Hämmerlinggasse,14-18,14-18,6-12,1-3,80-92,14-20,20-25,18-22,37-57,,2013,
Heilbronn,,Härlestraße,14-18,14-18,6-12,1-3,80-92,14-20,20-25,18-22,37-57,,2013,
Heilbronn,,Hafenstraße,14-18,14-18,6-12,1-3,80-92,14-20,20-25,18-22,37-57,,2013,
Heilbronn,,Hahnenäckerstraße,10,10,6-7,1-2,55-60,11-12,9-10,8-9,91-92,,2013,
Heilbronn,,Hahnstraße,14,14,7,2,70,17,16,13,35,,2013,
Heilbronn,,Haigernstraße,10,10,6-7,1-2,55-60,11-12,9-10,8-9,91-92,,2013,
Heilbronn,,Halbmondstraße,14-18,14-18,6-12,1-3,80-92,14-20,20-25,18-22,37-57,,2013,
Heilbronn,,Haldenweg,14-18,14-18,6-12,1-3,80-92,14-20,20-25,18-22,37-57,,2013,
Heilbronn,,Haller Straße,9,9,5-6,1-2,48-52,7-9,8-9,5-7,32,,2013,
Heilbronn,,Handwerkerhof,14-18,14-18,6-12,1-3,80-92,14-20,20-25,18-22,37-57,,2013,
Heilbronn,,Hans-Bauer-Straße,10,10,6-7,1-2,55-60,11-12,9-10,8-9,91-92,,2013,
Heilbronn,,Hans-Baldung-Straße,14,14,7,2,70,17,16,13,35,,2013,
Heilbronn,,Hans-Holbein-Weg,9,9,5-6,1-2,48-52,7-9,8-9,5-7,32,,2013,
Heilbronn,,Hans-Multscher-Straße,14,14,7,2,70,17,16,13,35,,2013,
Heilbronn,,Hans-Reuter-Weg,14,14,7,2,70,17,16,13,35,,2013,
Heilbronn,,Hans-Rießer-Straße,14-18,14-18,6-12,1-3,80-92,14-20,20-25,18-22,37-57,,2013,
Heilbronn,,Hans-Sachs-Straße,14,14,7,2,70,17,16,13,35,,2013,
Heilbronn,,Hans-Schweiner-Straße,9,9,5-6,1-2,48-52,7-9,8-9,5-7,32,,2013,
Heilbronn,,Hans-Seyfer-Straße,14-18,14-18,6-12,1-3,80-92,14-20,20-25,18-22,37-57,,2013,
Heilbronn,,Hanselmannstraße,14,14,7,2,70,17,16,13,35,,2013,
Heilbronn,,Hansjakobstraße,9,9,5-6,1-2,48-52,7-9,8-9,5-7,32,,2013,
Heilbronn,,Happelstraße,9,9,5-6,1-2,48-52,7-9,8-9,5-7,32,,2013,
Heilbronn,,Happenbacher Straße,9,9,5-6,1-2,48-52,7-9,8-9,5-7,32,,2013,
Heilbronn,,Hartmannweg,9,9,5-6,1-2,48-52,7-9,8-9,5-7,32,,2013,
Heilbronn,,Hasengasse,14-18,14-18,6-12,1-3,80-92,14-20,20-25,18-22,37-57,,2013,
Heilbronn,,Hauffstraße,9,9,5-6,1-2,48-52,7-9,8-9,5-7,32,,2013,
Heilbronn,,Hauptstraße,9,9,5-6,1-2,48-52,7-9,8-9,5-7,32,,2013,
Heilbronn,,Hausäckerweg,14,14,7,2,70,17,16,13,35,,2013,
Heilbronn,,Hausener Straße,10,10,6-7,1-2,55-60,11-12,9-10,8-9,91-92,,2013,
Heilbronn,,Havannastraße,14,14,7,2,70,17,16,13,35,,2013,
Heilbronn,,Haydnstraße,9,9,5-6,1-2,48-52,7-9,8-9,5-7,32,,2013,
Heilbronn,,Hebbelstraße,14-18,14-18,6-12,1-3,80-92,14-20,20-25,18-22,37-57,,2013,
Heilbronn,,Hechtstraße,14,14,7,2,70,17,16,13,35,,2013,
Heilbronn,,Hecken,9,9,5-6,1-2,48-52,7-9,8-9,5-7,32,,2013,
Heilbronn,,Heckenstraße,14,14,7,2,70,17,16,13,35,,2013,
Heilbronn,,Hefenweiler,14-18,14-18,6-12,1-3,80-92,14-20,20-25,18-22,37-57,,2013,
Heilbronn,,Hegelmaierstraße,9,9,5-6,1-2,48-52,7-9,8-9,5-7,32,,2013,
Heilbronn,,Hegelstraße,10,10,6-7,1-2,55-60,11-12,9-10,8-9,91-92,,2013,
Heilbronn,,Heidelberger Straße,14,14,7,2,70,17,16,13,35,,2013,
Heilbronn,,Heidenrain,14,14,7,2,70,17,16,13,35,,2013,
Heilbronn,,Heilbronner Weg,14,14,7,2,70,17,16,13,35,,2013,
Heilbronn,,Heiligengasse,14-18,14-18,6-12,1-3,80-92,14-20,20-25,18-22,37-57,,2013,
Heilbronn,,Heinrich-Bächler-Straße,14,14,7,2,70,17,16,13,35,,2013,
Heilbronn,,Heinrich-Heine-Straße,9,9,5-6,1-2,48-52,7-9,8-9,5-7,32,,2013,
Heilbronn,,Heinrich-Hertz-Straße,9,9,5-6,1-2,48-52,7-9,8-9,5-7,32,,2013,
Heilbronn,,Heinrich-Senghaas-Straße,10,10,6-7,1-2,55-60,11-12,9-10,8-9,91-92,,2013,
Heilbronn,,Heinrich-Zille-Straße,14,14,7,2,70,17,16,13,35,,2013,
Heilbronn,,Heinrichstraße,14,14,7,2,70,17,16,13,35,,2013,
Heilbronn,,Heinrieter Straße,9,9,5-6,1-2,48-52,7-9,8-9,5-7,32,,2013,
Heilbronn,,Heisenbergstraße,14-18,14-18,6-12,1-3,80-92,14-20,20-25,18-22,37-57,,2013,
Heilbronn,,Helmholtzstraße,14,14,7,2,70,17,16,13,35,,2013,
Heilbronn,,Helmuth-Hirth-Straße,9,9,5-6,1-2,48-52,7-9,8-9,5-7,32,,2013,
Heilbronn,,Herbert-Hoover-Straße,9,9,5-6,1-2,48-52,7-9,8-9,5-7,32,,2013,
Heilbronn,,Herbststraße,14-18,14-18,6-12,1-3,80-92,14-20,20-25,18-22,37-57,,2013,
Heilbronn,,Herderstraße,9,9,5-6,1-2,48-52,7-9,8-9,5-7,32,,2013,
Heilbronn,,Hermann-Hesse-Straße,9,9,5-6,1-2,48-52,7-9,8-9,5-7,32,,2013,
Heilbronn,,Hermann-Löns-Straße,10,10,6-7,1-2,55-60,11-12,9-10,8-9,91-92,,2013,
Heilbronn,,Hermann-Wolf-Straße,9,9,5-6,1-2,48-52,7-9,8-9,5-7,32,,2013,
Heilbronn,,Hermannstraße,14-18,14-18,6-12,1-3,80-92,14-20,20-25,18-22,37-57,,2013,
Heilbronn,,Herweghstraße,9,9,5-6,1-2,48-52,7-9,8-9,5-7,32,,2013,
Heilbronn,,Hessigheimer Straße,9,9,5-6,1-2,48-52,7-9,8-9,5-7,32,,2013,
Heilbronn,,Hetensbacher Straße,14,14,7,2,70,17,16,13,35,,2013,
Heilbronn,,Heuchelbergstraße,14,14,7,2,70,17,16,13,35,,2013,
Heilbronn,,Heuholzer Weg,9,9,5-6,1-2,48-52,7-9,8-9,5-7,32,,2013,
Heilbronn,,Hieberstraße,14-18,14-18,6-12,1-3,80-92,14-20,20-25,18-22,37-57,,2013,
Heilbronn,,Hinter dem Fleischbeil,14,14,7,2,70,17,16,13,35,,2013,
Heilbronn,,Hintertorstraße,14,14,7,2,70,17,16,13,35,,2013,
Heilbronn,,Hipfelhofer Straße,14,14,7,2,70,17,16,13,35,,2013,
Heilbronn,,Hiplerweg,9,9,5-6,1-2,48-52,7-9,8-9,5-7,32,,2013,
Heilbronn,,Hirschstraße,10,10,6-7,1-2,55-60,11-12,9-10,8-9,91-92,,2013,
Heilbronn,,Hölderlinstraße,9,9,5-6,1-2,48-52,7-9,8-9,5-7,32,,2013,
Heilbronn,,Hörnlis,9,9,5-6,1-2,48-52,7-9,8-9,5-7,32,,2013,
Heilbronn,,Hofgartenstraße,9,9,5-6,1-2,48-52,7-9,8-9,5-7,32,,2013,
Heilbronn,,Hofmannweg,14,14,7,2,70,17,16,13,35,,2013,
Heilbronn,,Hofstattstraße,14,14,7,2,70,17,16,13,35,,2013,
Heilbronn,,Hofweg,14,14,7,2,70,17,16,13,35,,2013,
Heilbronn,,Hofwiesenstraße,9,9,5-6,1-2,48-52,7-9,8-9,5-7,32,,2013,
Heilbronn,,Hohenloher Straße,14,14,7,2,70,17,16,13,35,,2013,
Heilbronn,,Hohenstaufenstraße,9,9,5-6,1-2,48-52,7-9,8-9,5-7,32,,2013,
Heilbronn,,Hohlstraße,14,14,7,2,70,17,16,13,35,,2013,
Heilbronn,,Hollandstraße,14,14,7,2,70,17,16,13,35,,2013,
Heilbronn,,Holunderweg,14,14,7,2,70,17,16,13,35,,2013,
Heilbronn,,Holzstraße,14-18,14-18,6-12,1-3,80-92,14-20,20-25,18-22,37-57,,2013,
Heilbronn,,Homburger Straße,14,14,7,2,70,17,16,13,35,,2013,
Heilbronn,,Horkheimer Straße,9,9,5-6,1-2,48-52,7-9,8-9,5-7,32,,2013,
Heilbronn,,Hortensienweg,14,14,7,2,70,17,16,13,35,,2013,
Heilbronn,,Hoßäckerweg,14,14,7,2,70,17,16,13,35,,2013,
Heilbronn,,Hünderstraße,14,14,7,2,70,17,16,13,35,,2013,
Heilbronn,,Hünefeldstraße,9,9,5-6,1-2,48-52,7-9,8-9,5-7,32,,2013,
Heilbronn,,Hüttenäckerweg,9,9,5-6,1-2,48-52,7-9,8-9,5-7,32,,2013,
Heilbronn,,Hugo-Rümelin-Straße,9,9,5-6,1-2,48-52,7-9,8-9,5-7,32,,2013,
Heilbronn,,Humboldtstraße,9,9,5-6,1-2,48-52,7-9,8-9,5-7,32,,2013,
Heilbronn,,Hundsbergstraße,9,9,5-6,1-2,48-52,7-9,8-9,5-7,32,,2013,
Heilbronn,,Huttenstraße,14,14,7,2,70,17,16,13,35,,2013,
Heilbronn,,Ilsfelder Straße,9,9,5-6,1-2,48-52,7-9,8-9,5-7,32,,2013,
Heilbronn,,Iltisweg,10,10,6-7,1-2,55-60,11-12,9-10,8-9,91-92,,2013,
Heilbronn,,Im Breitenloch,9,9,5-6,1-2,48-52,7-9,8-9,5-7,32,,2013,
Heilbronn,,Im Bruch,14,14,7,2,70,17,16,13,35,,2013,
Heilbronn,,Im Dachlet,14-18,14-18,6-12,1-3,80-92,14-20,20-25,18-22,37-57,,2013,
Heilbronn,,Im Entenseele,14,14,7,2,70,17,16,13,35,,2013,
Heilbronn,,Im Fleischbeil,14,14,7,2,70,17,16,13,35,,2013,
Heilbronn,,Im Gässle,10,10,6-7,1-2,55-60,11-12,9-10,8-9,91-92,,2013,
Heilbronn,,Im Gemmingstal,9,9,5-6,1-2,48-52,7-9,8-9,5-7,32,,2013,
Heilbronn,,Im Gutedel,14,14,7,2,70,17,16,13,35,,2013,
Heilbronn,,Im Haselter,14,14,7,2,70,17,16,13,35,,2013,
Heilbronn,,Im Hinterstahl,14-18,14-18,6-12,1-3,80-92,14-20,20-25,18-22,37-57,,2013,
Heilbronn,,Im Hospitalgrün,14-18,14-18,6-12,1-3,80-92,14-20,20-25,18-22,37-57,,2013,
Heilbronn,,Im Jockele,14,14,7,2,70,17,16,13,35,,2013,
Heilbronn,,Im Kehle,14,14,7,2,70,17,16,13,35,,2013,
Heilbronn,,Im Kohlpfad,9,9,5-6,1-2,48-52,7-9,8-9,5-7,32,,2013,
Heilbronn,,Im Kleinfeldle,10,10,6-7,1-2,55-60,11-12,9-10,8-9,91-92,,2013,
Heilbronn,,Im Krautgarten,14,14,7,2,70,17,16,13,35,,2013,
Heilbronn,,Im Kreuzgrund,14,14,7,2,70,17,16,13,35,,2013,
Heilbronn,,Im Margstall,14,14,7,2,70,17,16,13,35,,2013,
Heilbronn,,Im Näpfle,10,10,6-7,1-2,55-60,11-12,9-10,8-9,91-92,,2013,
Heilbronn,,Im Neckargarten,14-18,14-18,6-12,1-3,80-92,14-20,20-25,18-22,37-57,,2013,
Heilbronn,,Im Riedgrund,9,9,5-6,1-2,48-52,7-9,8-9,5-7,32,,2013,
Heilbronn,,Im Schlegelgrund,10,10,6-7,1-2,55-60,11-12,9-10,8-9,91-92,,2013,
Heilbronn,,Im Schmalweinberg,9,9,5-6,1-2,48-52,7-9,8-9,5-7,32,,2013,
Heilbronn,,Im Stahlbühl,9,9,5-6,1-2,48-52,7-9,8-9,5-7,32,,2013,
Heilbronn,,Im Sternberg,9,9,5-6,1-2,48-52,7-9,8-9,5-7,32,,2013,
Heilbronn,,Im Viehtrieb,14,14,7,2,70,17,16,13,35,,2013,
Heilbronn,,Im Wannental,9,9,5-6,1-2,48-52,7-9,8-9,5-7,32,,2013,
Heilbronn,,Im Weingarten,14,14,7,2,70,17,16,13,35,,2013,
Heilbronn,,Imlinstraße,14-18,14-18,6-12,1-3,80-92,14-20,20-25,18-22,37-57,,2013,
Heilbronn,,Ina-Seidel-Straße,14-18,14-18,6-12,1-3,80-92,14-20,20-25,18-22,37-57,,2013,
Heilbronn,,In den Hecken,9,9,5-6,1-2,48-52,7-9,8-9,5-7,32,,2013,
Heilbronn,,In der Klinge,10,10,6-7,1-2,55-60,11-12,9-10,8-9,91-92,,2013,
Heilbronn,,In der Steig,14,14,7,2,70,17,16,13,35,,2013,
Heilbronn,,Industrieplatz,14,14,7,2,70,17,16,13,35,,2013,
Heilbronn,,Innsbrucker Straße,9,9,5-6,1-2,48-52,7-9,8-9,5-7,32,,2013,
Heilbronn,,Isolde-Kurz-Straße,9,9,5-6,1-2,48-52,7-9,8-9,5-7,32,,2013,
Heilbronn,,Ittlinger Straße,14,14,7,2,70,17,16,13,35,,2013,
Heilbronn,,Jägerhaus,9,9,5-6,1-2,48-52,7-9,8-9,5-7,32,,2013,
Heilbronn,,Jägerhausstraße,9,9,5-6,1-2,48-52,7-9,8-9,5-7,32,,2013,
Heilbronn,,Jäkleinstraße,14,14,7,2,70,17,16,13,35,,2013,
Heilbronn,,Jagststraße,14-18,14-18,6-12,1-3,80-92,14-20,20-25,18-22,37-57,,2013,
Heilbronn,,Jahnstraße,9,9,5-6,1-2,48-52,7-9,8-9,5-7,32,,2013,
Heilbronn,,Jakobgasse,14-18,14-18,6-12,1-3,80-92,14-20,20-25,18-22,37-57,,2013,
Heilbronn,,Jakob-Haspel-Straße,10,10,6-7,1-2,55-60,11-12,9-10,8-9,91-92,,2013,
Heilbronn,,Jakob-Ramm-Straße,14,14,7,2,70,17,16,13,35,,2013,
Heilbronn,,Jasminweg,14-18,14-18,6-12,1-3,80-92,14-20,20-25,18-22,37-57,,2013,
Heilbronn,,Jörg-Metzler-Weg,14,14,7,2,70,17,16,13,35,,2013,
Heilbronn,,Jörg-Ratgeb-Platz,9,9,5-6,1-2,48-52,7-9,8-9,5-7,32,,2013,
Heilbronn,,Jörgstraße,14-18,14-18,6-12,1-3,80-92,14-20,20-25,18-22,37-57,,2013,
Heilbronn,,Johannesburger Straße,14,14,7,2,70,17,16,13,35,,2013,
Heilbronn,,Johannisgasse,14-18,14-18,6-12,1-3,80-92,14-20,20-25,18-22,37-57,,2013,
Heilbronn,,Johann-Strauß-Straße,10,10,6-7,1-2,55-60,11-12,9-10,8-9,91-92,,2013,
Heilbronn,,John-F.-Kennedy-Straße,9,9,5-6,1-2,48-52,7-9,8-9,5-7,32,,2013,
Heilbronn,,Joseph-Lanner-Straße,10,10,6-7,1-2,55-60,11-12,9-10,8-9,91-92,,2013,
Heilbronn,,Judengängle,9,9,5-6,1-2,48-52,7-9,8-9,5-7,32,,2013,
Heilbronn,,Käferflugstraße,14-18,14-18,6-12,1-3,80-92,14-20,20-25,18-22,37-57,,2013,
Heilbronn,,Kaiser-Friedrich-Platz,14-18,14-18,6-12,1-3,80-92,14-20,20-25,18-22,37-57,,2013,
Heilbronn,,Kaiserslauterner Straße,14,14,7,2,70,17,16,13,35,,2013,
Heilbronn,,Kaiserstraße,14-18,14-18,6-12,1-3,80-92,14-20,20-25,18-22,37-57,,2013,
Heilbronn,,Kalistraße,14-18,14-18,6-12,1-3,80-92,14-20,20-25,18-22,37-57,,2013,
Heilbronn,,Kanalstraße,14,14,7,2,70,17,16,13,35,,2013,
Heilbronn,,Kantweg,9,9,5-6,1-2,48-52,7-9,8-9,5-7,32,,2013,
Heilbronn,,Kapellenweg,10,10,6-7,1-2,55-60,11-12,9-10,8-9,91-92,,2013,
Heilbronn,,Kappelstraße,14,14,7,2,70,17,16,13,35,,2013,
Heilbronn,,Karl-Betz-Straße,9,9,5-6,1-2,48-52,7-9,8-9,5-7,32,,2013,
Heilbronn,,Karl-Döft-Straße,9,9,5-6,1-2,48-52,7-9,8-9,5-7,32,,2013,
Heilbronn,,Karl-Jäger-Straße,9,9,5-6,1-2,48-52,7-9,8-9,5-7,32,,2013,
Heilbronn,,Karl-Marx-Straße,14,14,7,2,70,17,16,13,35,,2013,
Heilbronn,,Karl-May-Straße,14-18,14-18,6-12,1-3,80-92,14-20,20-25,18-22,37-57,,2013,
Heilbronn,,Karl-Wüst-Straße,14-18,14-18,6-12,1-3,80-92,14-20,20-25,18-22,37-57,,2013,
Heilbronn,,Karl-Wulle-Straße,9,9,5-6,1-2,48-52,7-9,8-9,5-7,32,,2013,
Heilbronn,,Karlsruher Straße,14-18,14-18,6-12,1-3,80-92,14-20,20-25,18-22,37-57,,2013,
Heilbronn,,Karlstraße,14-18,14-18,6-12,1-3,80-92,14-20,20-25,18-22,37-57,,2013,
Heilbronn,,Karmeliterstraße,14-18,14-18,6-12,1-3,80-92,14-20,20-25,18-22,37-57,,2013,
Heilbronn,,Kasernengasse,14-18,14-18,6-12,1-3,80-92,14-20,20-25,18-22,37-57,,2013,
Heilbronn,,Kastanienweg,14,14,7,2,70,17,16,13,35,,2013,
Heilbronn,,Kastellstraße,14,14,7,2,70,17,16,13,35,,2013,
Heilbronn,,Katzensteige,9,9,5-6,1-2,48-52,7-9,8-9,5-7,32,,2013,
Heilbronn,,Kauffmannstraße,9,9,5-6,1-2,48-52,7-9,8-9,5-7,32,,2013,
Heilbronn,,Kaulbachweg,9,9,5-6,1-2,48-52,7-9,8-9,5-7,32,,2013,
Heilbronn,,Kehrhütttenstraße,10,10,6-7,1-2,55-60,11-12,9-10,8-9,91-92,,2013,
Heilbronn,,Keilstraße,14,14,7,2,70,17,16,13,35,,2013,
Heilbronn,,Keitweg,14,14,7,2,70,17,16,13,35,,2013,
Heilbronn,,Keltenstraße,9,9,5-6,1-2,48-52,7-9,8-9,5-7,32,,2013,
Heilbronn,,Kelteräckerstraße,14,14,7,2,70,17,16,13,35,,2013,
Heilbronn,,Keltergasse,14-18,14-18,6-12,1-3,80-92,14-20,20-25,18-22,37-57,,2013,
Heilbronn,,Kelterweg,14,14,7,2,70,17,16,13,35,,2013,
Heilbronn,,Keplerstraße,14-18,14-18,6-12,1-3,80-92,14-20,20-25,18-22,37-57,,2013,
Heilbronn,,Kernerstraße,14-18,14-18,6-12,1-3,80-92,14-20,20-25,18-22,37-57,,2013,
Heilbronn,,Kiliansplatz,14-18,14-18,6-12,1-3,80-92,14-20,20-25,18-22,37-57,,2013,
Heilbronn,,Kilianstraße,14-18,14-18,6-12,1-3,80-92,14-20,20-25,18-22,37-57,,2013,
Heilbronn,,Kindsberg,14-18,14-18,6-12,1-3,80-92,14-20,20-25,18-22,37-57,,2013,
Heilbronn,,Kirchbergstraße,14,14,7,2,70,17,16,13,35,,2013,
Heilbronn,,Kirchbrunnenstraße,14-18,14-18,6-12,1-3,80-92,14-20,20-25,18-22,37-57,,2013,
Heilbronn,,Kirchgäßle,14,14,7,2,70,17,16,13,35,,2013,
Heilbronn,,Kirchgasse,14,14,7,2,70,17,16,13,35,,2013,
Heilbronn,,Kirchhausener Straße,14,14,7,2,70,17,16,13,35,,2013,
Heilbronn,,Kirchhöfle,14-18,14-18,6-12,1-3,80-92,14-20,20-25,18-22,37-57,,2013,
Heilbronn,,Kirchsteige,14,14,7,2,70,17,16,13,35,,2013,
Heilbronn,,Kirchstraße,14,14,7,2,70,17,16,13,35,,2013,
Heilbronn,,Kirschengartenstraße,14-18,14-18,6-12,1-3,80-92,14-20,20-25,18-22,37-57,,2013,
Heilbronn,,Kittlerstraße,14-18,14-18,6-12,1-3,80-92,14-20,20-25,18-22,37-57,,2013,
Heilbronn,,Klarastraße,14-18,14-18,6-12,1-3,80-92,14-20,20-25,18-22,37-57,,2013,
Heilbronn,,Kleingartacher Straße,14,14,7,2,70,17,16,13,35,,2013,
Heilbronn,,Kleiststraße,14-18,14-18,6-12,1-3,80-92,14-20,20-25,18-22,37-57,,2013,
Heilbronn,,Klettstraße,14-18,14-18,6-12,1-3,80-92,14-20,20-25,18-22,37-57,,2013,
Heilbronn,,Klingenberger Straße,14,14,7,2,70,17,16,13,35,,2013,
Heilbronn,,Klingenstraße,9,9,5-6,1-2,48-52,7-9,8-9,5-7,32,,2013,
Heilbronn,,Klopstockstraße,9,9,5-6,1-2,48-52,7-9,8-9,5-7,32,,2013,
Heilbronn,,Klostergasse,14-18,14-18,6-12,1-3,80-92,14-20,20-25,18-22,37-57,,2013,
Heilbronn,,Kneippweg,9,9,5-6,1-2,48-52,7-9,8-9,5-7,32,,2013,
Heilbronn,,Knoblochstraße,14,14,7,2,70,17,16,13,35,,2013,
Heilbronn,,Knollensteige,14-18,14-18,6-12,1-3,80-92,14-20,20-25,18-22,37-57,,2013,
Heilbronn,,Knorrstraße,9,9,5-6,1-2,48-52,7-9,8-9,5-7,32,,2013,
Heilbronn,,Kocherstraße,14,14,7,2,70,17,16,13,35,,2013,
Heilbronn,,Köhlstraße,9,9,5-6,1-2,48-52,7-9,8-9,5-7,32,,2013,
Heilbronn,,Kölner Straße,10,10,6-7,1-2,55-60,11-12,9-10,8-9,91-92,,2013,
Heilbronn,,Königsberger Straße,14,14,7,2,70,17,16,13,35,,2013,
Heilbronn,,Koepffstraße,14-18,14-18,6-12,1-3,80-92,14-20,20-25,18-22,37-57,,2013,
Heilbronn,,Kollwitzstraße,14,14,7,2,70,17,16,13,35,,2013,
Heilbronn,,Kolpingstraße,9,9,5-6,1-2,48-52,7-9,8-9,5-7,32,,2013,
Heilbronn,,Konradweg,14,14,7,2,70,17,16,13,35,,2013,
Heilbronn,,Kopernikusweg,14,14,7,2,70,17,16,13,35,,2013,
Heilbronn,,Kornacherstraße,14-18,14-18,6-12,1-3,80-92,14-20,20-25,18-22,37-57,,2013,
Heilbronn,,Kornblumenweg,10,10,6-7,1-2,55-60,11-12,9-10,8-9,91-92,,2013,
Heilbronn,,Kraemerstraße,9,9,5-6,1-2,48-52,7-9,8-9,5-7,32,,2013,
Heilbronn,,Kraichgauplatz,14,14,7,2,70,17,16,13,35,,2013,
Heilbronn,,Kramstraße,14-18,14-18,6-12,1-3,80-92,14-20,20-25,18-22,37-57,,2013,
Heilbronn,,Kranenstraße,14-18,14-18,6-12,1-3,80-92,14-20,20-25,18-22,37-57,,2013,
Heilbronn,,Krautgartenweg,14,14,7,2,70,17,16,13,35,,2013,
Heilbronn,,Kreuzäckerstraße,9,9,5-6,1-2,48-52,7-9,8-9,5-7,32,,2013,
Heilbronn,,Kreuzenstraße,14-18,14-18,6-12,1-3,80-92,14-20,20-25,18-22,37-57,,2013,
Heilbronn,,Krugstraße,9,9,5-6,1-2,48-52,7-9,8-9,5-7,32,,2013,
Heilbronn,,Krumme Steige,9,9,5-6,1-2,48-52,7-9,8-9,5-7,32,,2013,
Heilbronn,,Krumme Straße,14,14,7,2,70,17,16,13,35,,2013,
Heilbronn,,Krummlandstraße,14,14,7,2,70,17,16,13,35,,2013,
Heilbronn,,Kübelstraße,9,9,5-6,1-2,48-52,7-9,8-9,5-7,32,,2013,
Heilbronn,,Kunzestraße,9,9,5-6,1-2,48-52,7-9,8-9,5-7,32,,2013,
Heilbronn,,Kurt-Schumacher-Platz,14-18,14-18,6-12,1-3,80-92,14-20,20-25,18-22,37-57,,2013,
Heilbronn,,Kurze Gasse,14,14,7,2,70,17,16,13,35,,2013,
Heilbronn,,Kurze Straße,9,9,5-6,1-2,48-52,7-9,8-9,5-7,32,,2013,
Heilbronn,,Lachmannstraße,14-18,14-18,6-12,1-3,80-92,14-20,20-25,18-22,37-57,,2013,
Heilbronn,,Lämlinstraße,14,14,7,2,70,17,16,13,35,,2013,
Heilbronn,,Länderlesstraße,10,10,6-7,1-2,55-60,11-12,9-10,8-9,91-92,,2013,
Heilbronn,,Längelter,14,14,7,2,70,17,16,13,35,,2013,
Heilbronn,,Längelterstraße,14,14,7,2,70,17,16,13,35,,2013,
Heilbronn,,Lammgasse,14-18,14-18,6-12,1-3,80-92,14-20,20-25,18-22,37-57,,2013,
Heilbronn,,Landturmstraße,14,14,7,2,70,17,16,13,35,,2013,
Heilbronn,,Landwehr,9,9,5-6,1-2,48-52,7-9,8-9,5-7,32,,2013,
Heilbronn,,Landwehrstraße,14,14,7,2,70,17,16,13,35,,2013,
Heilbronn,,Langer Rain,14,14,7,2,70,17,16,13,35,,2013,
Heilbronn,,Latzeläckerweg,14,14,7,2,70,17,16,13,35,,2013,
Heilbronn,,Lauerweg,14-18,14-18,6-12,1-3,80-92,14-20,20-25,18-22,37-57,,2013,
Heilbronn,,Lauffener Straße,9,9,5-6,1-2,48-52,7-9,8-9,5-7,32,,2013,
Heilbronn,,Lauterbachweg,9,9,5-6,1-2,48-52,7-9,8-9,5-7,32,,2013,
Heilbronn,,Lehmhaldenstraße,14,14,7,2,70,17,16,13,35,,2013,
Heilbronn,,Leiblstraße,9,9,5-6,1-2,48-52,7-9,8-9,5-7,32,,2013,
Heilbronn,,Leibnitzstraße,14,14,7,2,70,17,16,13,35,,2013,
Heilbronn,,Leinbachstraße,14,14,7,2,70,17,16,13,35,,2013,
Heilbronn,,Leingartener Straße,14,14,7,2,70,17,16,13,35,,2013,
Heilbronn,,Leintalstraße,14,14,7,2,70,17,16,13,35,,2013,
Heilbronn,,Leisbrunnenstraße,14,14,7,2,70,17,16,13,35,,2013,
Heilbronn,,Lenaustraße,9,9,5-6,1-2,48-52,7-9,8-9,5-7,32,,2013,
Heilbronn,,Lenbachweg,9,9,5-6,1-2,48-52,7-9,8-9,5-7,32,,2013,
Heilbronn,,Lenzweg,14,14,7,2,70,17,16,13,35,,2013,
Heilbronn,,Leonhard-Frank-Straße,10,10,6-7,1-2,55-60,11-12,9-10,8-9,91-92,,2013,
Heilbronn,,Leonhardstraße,14,14,7,2,70,17,16,13,35,,2013,
Heilbronn,,Lerchenstraße,14-18,14-18,6-12,1-3,80-92,14-20,20-25,18-22,37-57,,2013,
Heilbronn,,Lerchenstraße ab Nr. 54,9,9,5-6,1-2,48-52,7-9,8-9,5-7,32,,2013,
Heilbronn,,Lessingstraße,14-18,14-18,6-12,1-3,80-92,14-20,20-25,18-22,37-57,,2013,
Heilbronn,,Letten,9,9,5-6,1-2,48-52,7-9,8-9,5-7,32,,2013,
Heilbronn,,Lichtenbergerstraße,14-18,14-18,6-12,1-3,80-92,14-20,20-25,18-22,37-57,,2013,
Heilbronn,,Liebermannstraße,14-18,14-18,6-12,1-3,80-92,14-20,20-25,18-22,37-57,,2013,
Heilbronn,,Liebigstraße,9,9,5-6,1-2,48-52,7-9,8-9,5-7,32,,2013,
Heilbronn,,Liederkranzstraße,14-18,14-18,6-12,1-3,80-92,14-20,20-25,18-22,37-57,,2013,
Heilbronn,,Lilienthalstraße,14-18,14-18,6-12,1-3,80-92,14-20,20-25,18-22,37-57,,2013,
Heilbronn,,Lilienweg,14-18,14-18,6-12,1-3,80-92,14-20,20-25,18-22,37-57,,2013,
Heilbronn,,Limesstraße,14,14,7,2,70,17,16,13,35,,2013,
Heilbronn,,Lindenhof,14,14,7,2,70,17,16,13,35,,2013,
Heilbronn,,Lindenstraße,14,14,7,2,70,17,16,13,35,,2013,
Heilbronn,,Linkstraße,14-18,14-18,6-12,1-3,80-92,14-20,20-25,18-22,37-57,,2013,
Heilbronn,,Linsenbuckel,9,9,5-6,1-2,48-52,7-9,8-9,5-7,32,,2013,
Heilbronn,,Lise-Meitner-Straße,9,9,5-6,1-2,48-52,7-9,8-9,5-7,32,,2013,
Heilbronn,,Liststraße,9,9,5-6,1-2,48-52,7-9,8-9,5-7,32,,2013,
Heilbronn,,Lixstraße,14-18,14-18,6-12,1-3,80-92,14-20,20-25,18-22,37-57,,2013,
Heilbronn,,Lochingerstraße,9,9,5-6,1-2,48-52,7-9,8-9,5-7,32,,2013,
Heilbronn,,Löwensteiner Straße,9,9,5-6,1-2,48-52,7-9,8-9,5-7,32,,2013,
Heilbronn,,Lohtorstraße,14-18,14-18,6-12,1-3,80-92,14-20,20-25,18-22,37-57,,2013,
Heilbronn,,Lortzingstraße,14,14,7,2,70,17,16,13,35,,2013,
Heilbronn,,Lothringer Straße,9,9,5-6,1-2,48-52,7-9,8-9,5-7,32,,2013,
Heilbronn,,Louis-Hentges-Straße,9,9,5-6,1-2,48-52,7-9,8-9,5-7,32,,2013,
Heilbronn,,Ludwig-Essinger-Straße,14,14,7,2,70,17,16,13,35,,2013,
Heilbronn,,Ludwid-Pfau-Straße,9,9,5-6,1-2,48-52,7-9,8-9,5-7,32,,2013,
Heilbronn,,Ludwig-Richter-Straße,9,9,5-6,1-2,48-52,7-9,8-9,5-7,32,,2013,
Heilbronn,,Ludwig-Wunderlich-Straße,14,14,7,2,70,17,16,13,35,,2013,
Heilbronn,,Ludwigsburger Straße,14,14,7,2,70,17,16,13,35,,2013,
Heilbronn,,Ludwigstraße,10,10,6-7,1-2,55-60,11-12,9-10,8-9,91-92,,2013,
Heilbronn,,Lückenstraße,14,14,7,2,70,17,16,13,35,,2013,
Heilbronn,,Luisenstraße,9,9,5-6,1-2,48-52,7-9,8-9,5-7,32,,2013,
Heilbronn,,Lukas-Cranach-Weg,9,9,5-6,1-2,48-52,7-9,8-9,5-7,32,,2013,
Heilbronn,,Lutzstraße,9,9,5-6,1-2,48-52,7-9,8-9,5-7,32,,2013,
Heilbronn,,Maasstraße,14,14,7,2,70,17,16,13,35,,2013,
Heilbronn,,Maienfelser Weg,9,9,5-6,1-2,48-52,7-9,8-9,5-7,32,,2013,
Heilbronn,,Maihaldenstraße,14,14,7,2,70,17,16,13,35,,2013,
Heilbronn,,Mainhardter Straße,9,9,5-6,1-2,48-52,7-9,8-9,5-7,32,,2013,
Heilbronn,,Mainzer Straße,10,10,6-7,1-2,55-60,11-12,9-10,8-9,91-92,,2013,
Heilbronn,,Mandrystraße,9,9,5-6,1-2,48-52,7-9,8-9,5-7,32,,2013,
Heilbronn,,Mannheimer Straße,14-18,14-18,6-12,1-3,80-92,14-20,20-25,18-22,37-57,,2013,
Heilbronn,,Marburger Straße,10,10,6-7,1-2,55-60,11-12,9-10,8-9,91-92,,2013,
Heilbronn,,Marderweg,10,10,6-7,1-2,55-60,11-12,9-10,8-9,91-92,,2013,
Heilbronn,,Marienburger Straße,14,14,7,2,70,17,16,13,35,,2013,
Heilbronn,,Markgraf-Ludwig-Straße,9,9,5-6,1-2,48-52,7-9,8-9,5-7,32,,2013,
Heilbronn,,Marktplatz,14-18,14-18,6-12,1-3,80-92,14-20,20-25,18-22,37-57,,2013,
Heilbronn,,Martin-Luther-Straße,9,9,5-6,1-2,48-52,7-9,8-9,5-7,32,,2013,
Heilbronn,,Martin-Niemöller-Straße,14,14,7,2,70,17,16,13,35,,2013,
Heilbronn,,Massenbacher Straße,14,14,7,2,70,17,16,13,35,,2013,
Heilbronn,,Mathias-Erzberger-Straße,10,10,6-7,1-2,55-60,11-12,9-10,8-9,91-92,,2013,
Heilbronn,,Mauerstraße,9,9,5-6,1-2,48-52,7-9,8-9,5-7,32,,2013,
Heilbronn,,Maulbronner Straße,14,14,7,2,70,17,16,13,35,,2013,
Heilbronn,,Mauserstraße,9,9,5-6,1-2,48-52,7-9,8-9,5-7,32,,2013,
Heilbronn,,Maustalstraße,14-18,14-18,6-12,1-3,80-92,14-20,20-25,18-22,37-57,,2013,
Heilbronn,,Max-Planck-Straße,9,9,5-6,1-2,48-52,7-9,8-9,5-7,32,,2013,
Heilbronn,,Max-Reger-Straße,10,10,6-7,1-2,55-60,11-12,9-10,8-9,91-92,,2013,
Heilbronn,,Max-von-Laue-Straße,9,9,5-6,1-2,48-52,7-9,8-9,5-7,32,,2013,
Heilbronn,,Maybachstraße,14-18,14-18,6-12,1-3,80-92,14-20,20-25,18-22,37-57,,2013,
Heilbronn,,Meisenhalde,14,14,7,2,70,17,16,13,35,,2013,
Heilbronn,,Meisenweg,14-18,14-18,6-12,1-3,80-92,14-20,20-25,18-22,37-57,,2013,
Heilbronn,,Melanchthonweg,14,14,7,2,70,17,16,13,35,,2013,
Heilbronn,,Melli-Beese-Straße,9,9,5-6,1-2,48-52,7-9,8-9,5-7,32,,2013,
Heilbronn,,Memeler Straße,14,14,7,2,70,17,16,13,35,,2013,
Heilbronn,,Menzelstraße,9,9,5-6,1-2,48-52,7-9,8-9,5-7,32,,2013,
Heilbronn,,Mergenthalerstraße,14-18,14-18,6-12,1-3,80-92,14-20,20-25,18-22,37-57,,2013,
Heilbronn,,Merianstraße,9,9,5-6,1-2,48-52,7-9,8-9,5-7,32,,2013,
Heilbronn,,Merkurstraße,9,9,5-6,1-2,48-52,7-9,8-9,5-7,32,,2013,
Heilbronn,,Mertzweg,9,9,5-6,1-2,48-52,7-9,8-9,5-7,32,,2013,
Heilbronn,,Mettelbachstraße,14-18,14-18,6-12,1-3,80-92,14-20,20-25,18-22,37-57,,2013,
Heilbronn,,Metzer Straße,9,9,5-6,1-2,48-52,7-9,8-9,5-7,32,,2013,
Heilbronn,,Metzgergasse,14-18,14-18,6-12,1-3,80-92,14-20,20-25,18-22,37-57,,2013,
Heilbronn,,Michael-Vehe-Straße,14-18,14-18,6-12,1-3,80-92,14-20,20-25,18-22,37-57,,2013,
Heilbronn,,Michael-Vehe-Straße ab Nr. 17,10,10,6-7,1-2,55-60,11-12,9-10,8-9,91-92,,2013,
Heilbronn,,Michelsbergstraße,14,14,7,2,70,17,16,13,35,,2013,
Heilbronn,,Millerstraße,14-18,14-18,6-12,1-3,80-92,14-20,20-25,18-22,37-57,,2013,
Heilbronn,,Mittelstraße,14,14,7,2,70,17,16,13,35,,2013,
Heilbronn,,Mittlerer Weg,14,14,7,2,70,17,16,13,35,,2013,
Heilbronn,,Mittnachtstraße,14-18,14-18,6-12,1-3,80-92,14-20,20-25,18-22,37-57,,2013,
Heilbronn,,Mönchseestraße,14-18,14-18,6-12,1-3,80-92,14-20,20-25,18-22,37-57,,2013,
Heilbronn,,Mörikestraße,9,9,5-6,1-2,48-52,7-9,8-9,5-7,32,,2013,
Heilbronn,,Möwenstraße,14,14,7,2,70,17,16,13,35,,2013,
Heilbronn,,Moltkestraße,14-18,14-18,6-12,1-3,80-92,14-20,20-25,18-22,37-57,,2013,
Heilbronn,,Moosbruggerstraße,9,9,5-6,1-2,48-52,7-9,8-9,5-7,32,,2013,
Heilbronn,,Mosbacher Straße,10,10,6-7,1-2,55-60,11-12,9-10,8-9,91-92,,2013,
Heilbronn,,Mosergasse,14-18,14-18,6-12,1-3,80-92,14-20,20-25,18-22,37-57,,2013,
Heilbronn,,Mozartstraße,14-18,14-18,6-12,1-3,80-92,14-20,20-25,18-22,37-57,,2013,
Heilbronn,,Mühläckerstraße,9,9,5-6,1-2,48-52,7-9,8-9,5-7,32,,2013,
Heilbronn,,Mühlbachstraße,14,14,7,2,70,17,16,13,35,,2013,
Heilbronn,,Mühlberg,10,10,6-7,1-2,55-60,11-12,9-10,8-9,91-92,,2013,
Heilbronn,,Mühlbergstraße,14-18,14-18,6-12,1-3,80-92,14-20,20-25,18-22,37-57,,2013,
Heilbronn,,Mühle,10,10,6-7,1-2,55-60,11-12,9-10,8-9,91-92,,2013,
Heilbronn,,Mühlgasse,14-18,14-18,6-12,1-3,80-92,14-20,20-25,18-22,37-57,,2013,
Heilbronn,,Mühlrainstraße,10,10,6-7,1-2,55-60,11-12,9-10,8-9,91-92,,2013,
Heilbronn,,Mühlstraße,14,14,7,2,70,17,16,13,35,,2013,
Heilbronn,,Münchener Straße,14,14,7,2,70,17,16,13,35,,2013,
Heilbronn,,Münzerstraße,14,14,7,2,70,17,16,13,35,,2013,
Heilbronn,,Münzingstraße,14-18,14-18,6-12,1-3,80-92,14-20,20-25,18-22,37-57,,2013,
Heilbronn,,Mundelsheimer Straße,9,9,5-6,1-2,48-52,7-9,8-9,5-7,32,,2013,
Heilbronn,,Nachtigallenweg,14-18,14-18,6-12,1-3,80-92,14-20,20-25,18-22,37-57,,2013,
Heilbronn,,Nägelingasse,14-18,14-18,6-12,1-3,80-92,14-20,20-25,18-22,37-57,,2013,
Heilbronn,,Narzissenweg,14-18,14-18,6-12,1-3,80-92,14-20,20-25,18-22,37-57,,2013,
Heilbronn,,Neckargartacher Straße,14,14,7,2,70,17,16,13,35,,2013,
Heilbronn,,Neckarhalde,9,9,5-6,1-2,48-52,7-9,8-9,5-7,32,,2013,
Heilbronn,,Neckarsulmer Straße,14-18,14-18,6-12,1-3,80-92,14-20,20-25,18-22,37-57,,2013,
Heilbronn,,Neckartalstraße,14,14,7,2,70,17,16,13,35,,2013,
Heilbronn,,Neipperger Höhe,14,14,7,2,70,17,16,13,35,,2013,
Heilbronn,,Neipperger Straße,14,14,7,2,70,17,16,13,35,,2013,
Heilbronn,,Nelkenweg,10,10,6-7,1-2,55-60,11-12,9-10,8-9,91-92,,2013,
Heilbronn,,Neue Straße,14,14,7,2,70,17,16,13,35,,2013,
Heilbronn,,Neuböllinger Hof,9,9,5-6,1-2,48-52,7-9,8-9,5-7,32,,2013,
Heilbronn,,Neuwiesenstraße,14,14,7,2,70,17,16,13,35,,2013,
Heilbronn,,Nickelstraße,9,9,5-6,1-2,48-52,7-9,8-9,5-7,32,,2013,
Heilbronn,,Niederhofener Straße,14,14,7,2,70,17,16,13,35,,2013,
Heilbronn,,Nördlinger Straße,9,9,5-6,1-2,48-52,7-9,8-9,5-7,32,,2013,
Heilbronn,,Nordbergstraße,14-18,14-18,6-12,1-3,80-92,14-20,20-25,18-22,37-57,,2013,
Heilbronn,,Nordheimer Weg,14,14,7,2,70,17,16,13,35,,2013,
Heilbronn,,Nordstraße,14-18,14-18,6-12,1-3,80-92,14-20,20-25,18-22,37-57,,2013,
Heilbronn,,Nürnberger Straße,9,9,5-6,1-2,48-52,7-9,8-9,5-7,32,,2013,
Heilbronn,,Nußäckerstraße,14,14,7,2,70,17,16,13,35,,2013,
Heilbronn,,Obere Kanalstraße,14,14,7,2,70,17,16,13,35,,2013,
Heilbronn,,Obere Neckarstraße,14-18,14-18,6-12,1-3,80-92,14-20,20-25,18-22,37-57,,2013,
Heilbronn,,Oberes Wehr,14,14,7,2,70,17,16,13,35,,2013,
Heilbronn,,Obereisesheimer Straße,10,10,6-7,1-2,55-60,11-12,9-10,8-9,91-92,,2013,
Heilbronn,,Ochsenbrunnenstraße,10,10,6-7,1-2,55-60,11-12,9-10,8-9,91-92,,2013,
Heilbronn,,Ödenburger Straße,14,14,7,2,70,17,16,13,35,,2013,
Heilbronn,,Öhringer Straße,9,9,5-6,1-2,48-52,7-9,8-9,5-7,32,,2013,
Heilbronn,,Östlicher Bretterweg,14-18,14-18,6-12,1-3,80-92,14-20,20-25,18-22,37-57,,2013,
Heilbronn,,Ohmstraße,14-18,14-18,6-12,1-3,80-92,14-20,20-25,18-22,37-57,,2013,
Heilbronn,,Olgastraße,14-18,14-18,6-12,1-3,80-92,14-20,20-25,18-22,37-57,,2013,
Heilbronn,,Orffstraße,10,10,6-7,1-2,55-60,11-12,9-10,8-9,91-92,,2013,
Heilbronn,,Orthstraße,14-18,14-18,6-12,1-3,80-92,14-20,20-25,18-22,37-57,,2013,
Heilbronn,,Oststraße,14-18,14-18,6-12,1-3,80-92,14-20,20-25,18-22,37-57,,2013,
Heilbronn,,Oststraße Nr. 20 und 24,9,9,5-6,1-2,48-52,7-9,8-9,5-7,32,,2013,
Heilbronn,,Otto-Hahn-Straße,14-18,14-18,6-12,1-3,80-92,14-20,20-25,18-22,37-57,,2013,
Heilbronn,,Otto-Kirchheimer-Straße,14,14,7,2,70,17,16,13,35,,2013,
Heilbronn,,Otto-Wels-Straße,10,10,6-7,1-2,55-60,11-12,9-10,8-9,91-92,,2013,
Heilbronn,,Palmstraße,10,10,6-7,1-2,55-60,11-12,9-10,8-9,91-92,,2013,
Heilbronn,,Panoramastraße,14-18,14-18,6-12,1-3,80-92,14-20,20-25,18-22,37-57,,2013,
Heilbronn,,Panoramaweg,14,14,7,2,70,17,16,13,35,,2013,
Heilbronn,,Pappelweg,14,14,7,2,70,17,16,13,35,,2013,
Heilbronn,,Paracelsusstraße,9,9,5-6,1-2,48-52,7-9,8-9,5-7,32,,2013,
Heilbronn,,Parkstraße,9,9,5-6,1-2,48-52,7-9,8-9,5-7,32,,2013,
Heilbronn,,Parkweg,14-18,14-18,6-12,1-3,80-92,14-20,20-25,18-22,37-57,,2013,
Heilbronn,,Pater-Kolbe-Straße,10,10,6-7,1-2,55-60,11-12,9-10,8-9,91-92,,2013,
Heilbronn,,Paul-Gerhardt-Straße,10,10,6-7,1-2,55-60,11-12,9-10,8-9,91-92,,2013,
Heilbronn,,Paul-Göbel-Straße,14-18,14-18,6-12,1-3,80-92,14-20,20-25,18-22,37-57,,2013,
Heilbronn,,Paulinenstraße,14-18,14-18,6-12,1-3,80-92,14-20,20-25,18-22,37-57,,2013,
Heilbronn,,Paul-Weitbrecht-Straße,10,10,6-7,1-2,55-60,11-12,9-10,8-9,91-92,,2013,
Heilbronn,,Pestalozzistraße,14-18,14-18,6-12,1-3,80-92,14-20,20-25,18-22,37-57,,2013,
Heilbronn,,Pfaffenhofener Straße,14,14,7,2,70,17,16,13,35,,2013,
Heilbronn,,Pfaffenstraße,10,10,6-7,1-2,55-60,11-12,9-10,8-9,91-92,,2013,
Heilbronn,,Pfalzstraße,14-18,14-18,6-12,1-3,80-92,14-20,20-25,18-22,37-57,,2013,
Heilbronn,,Pfarrgasse,14,14,7,2,70,17,16,13,35,,2013,
Heilbronn,,Pfizerstraße,9,9,5-6,1-2,48-52,7-9,8-9,5-7,32,,2013,
Heilbronn,,Pforzheimer Straße,10,10,6-7,1-2,55-60,11-12,9-10,8-9,91-92,,2013,
Heilbronn,,Pfühlstraße ab Nr 52+57,9,9,5-6,1-2,48-52,7-9,8-9,5-7,32,,2013,
Heilbronn,,Pfühlstraße bis Nr 50+55,14-18,14-18,6-12,1-3,80-92,14-20,20-25,18-22,37-57,,2013,
Heilbronn,,Pfützäckerweg,14,14,7,2,70,17,16,13,35,,2013,
Heilbronn,,Philipp-Hagner-Straße,10,10,6-7,1-2,55-60,11-12,9-10,8-9,91-92,,2013,
Heilbronn,,Pilgramstraße,9,9,5-6,1-2,48-52,7-9,8-9,5-7,32,,2013,
Heilbronn,,Pirolweg,14,14,7,2,70,17,16,13,35,,2013,
Heilbronn,,Platanenstraße,14,14,7,2,70,17,16,13,35,,2013,
Heilbronn,,Platenweg,9,9,5-6,1-2,48-52,7-9,8-9,5-7,32,,2013,
Heilbronn,,Port-Talbot-Straße,9,9,5-6,1-2,48-52,7-9,8-9,5-7,32,,2013,
Heilbronn,,Poststraße,10,10,6-7,1-2,55-60,11-12,9-10,8-9,91-92,,2013,
Heilbronn,,Primelweg,10,10,6-7,1-2,55-60,11-12,9-10,8-9,91-92,,2013,
Heilbronn,,Planstraße,9,9,5-6,1-2,48-52,7-9,8-9,5-7,32,,2013,
Heilbronn,,Quellenstraße,9,9,5-6,1-2,48-52,7-9,8-9,5-7,32,,2013,
Heilbronn,,Querschulgasse,14-18,14-18,6-12,1-3,80-92,14-20,20-25,18-22,37-57,,2013,
Heilbronn,,Querstraße,14,14,7,2,70,17,16,13,35,,2013,
Heilbronn,,Raabeweg,14-18,14-18,6-12,1-3,80-92,14-20,20-25,18-22,37-57,,2013,
Heilbronn,,Raffeltersteige,9,9,5-6,1-2,48-52,7-9,8-9,5-7,32,,2013,
Heilbronn,,Raidweg,9,9,5-6,1-2,48-52,7-9,8-9,5-7,32,,2013,
Heilbronn,,Raiffeisenstraße,14,14,7,2,70,17,16,13,35,,2013,
Heilbronn,,Rainlesstraße,14,14,7,2,70,17,16,13,35,,2013,
Heilbronn,,Rampachertal,9,9,5-6,1-2,48-52,7-9,8-9,5-7,32,,2013,
Heilbronn,,Rappengasse,14-18,14-18,6-12,1-3,80-92,14-20,20-25,18-22,37-57,,2013,
Heilbronn,,Rathausgasse,14-18,14-18,6-12,1-3,80-92,14-20,20-25,18-22,37-57,,2013,
Heilbronn,,Rathausstraße,14,14,7,2,70,17,16,13,35,,2013,
Heilbronn,,Rathenauplatz,9,9,5-6,1-2,48-52,7-9,8-9,5-7,32,,2013,
Heilbronn,,Rauchstraße,14-18,14-18,6-12,1-3,80-92,14-20,20-25,18-22,37-57,,2013,
Heilbronn,,Reiherweg,14,14,7,2,70,17,16,13,35,,2013,
Heilbronn,,Reinbotstraße,14,14,7,2,70,17,16,13,35,,2013,
Heilbronn,,Reinerstraße,14,14,7,2,70,17,16,13,35,,2013,
Heilbronn,,Reinhold-Fyrnys-Straße,14,14,7,2,70,17,16,13,35,,2013,
Heilbronn,,Reisacher Weg,9,9,5-6,1-2,48-52,7-9,8-9,5-7,32,,2013,
Heilbronn,,Renzweg,14,14,7,2,70,17,16,13,35,,2013,
Heilbronn,,Rethelstraße,9,9,5-6,1-2,48-52,7-9,8-9,5-7,32,,2013,
Heilbronn,,Reußweg,9,9,5-6,1-2,48-52,7-9,8-9,5-7,32,,2013,
Heilbronn,,Reutlinger Straße,9,9,5-6,1-2,48-52,7-9,8-9,5-7,32,,2013,
Heilbronn,,Richard-Becker-Straße,9,9,5-6,1-2,48-52,7-9,8-9,5-7,32,,2013,
Heilbronn,,Richard-Wagner-Straße,9,9,5-6,1-2,48-52,7-9,8-9,5-7,32,,2013,
Heilbronn,,Rieckherstraße,9,9,5-6,1-2,48-52,7-9,8-9,5-7,32,,2013,
Heilbronn,,Riedstraße,9,9,5-6,1-2,48-52,7-9,8-9,5-7,32,,2013,
Heilbronn,,Riedweg,14,14,7,2,70,17,16,13,35,,2013,
Heilbronn,,Riegrafstraße,14,14,7,2,70,17,16,13,35,,2013,
Heilbronn,,Rieslingstraße,9,9,5-6,1-2,48-52,7-9,8-9,5-7,32,,2013,
Heilbronn,,Rilkestraße,10,10,6-7,1-2,55-60,11-12,9-10,8-9,91-92,,2013,
Heilbronn,,Ringstraße,10,10,6-7,1-2,55-60,11-12,9-10,8-9,91-92,,2013,
Heilbronn,,Robert-Bosch-Straße,9,9,5-6,1-2,48-52,7-9,8-9,5-7,32,,2013,
Heilbronn,,Robert-Koch-Straße,9,9,5-6,1-2,48-52,7-9,8-9,5-7,32,,2013,
Heilbronn,,Robert-Mayer-Straße,9,9,5-6,1-2,48-52,7-9,8-9,5-7,32,,2013,
Heilbronn,,Robert-Stolz-Weg,14,14,7,2,70,17,16,13,35,,2013,
Heilbronn,,Römerhof,14,14,7,2,70,17,16,13,35,,2013,
Heilbronn,,Römerpfad,14,14,7,2,70,17,16,13,35,,2013,
Heilbronn,,Römerstraße,14,14,7,2,70,17,16,13,35,,2013,
Heilbronn,,Römerweg,14,14,7,2,70,17,16,13,35,,2013,
Heilbronn,,Röntgenstraße,9,9,5-6,1-2,48-52,7-9,8-9,5-7,32,,2013,
Heilbronn,,Rötelstraße,14-18,14-18,6-12,1-3,80-92,14-20,20-25,18-22,37-57,,2013,
Heilbronn,,Rolandstraße,10,10,6-7,1-2,55-60,11-12,9-10,8-9,91-92,,2013,
Heilbronn,,Rollwagstraße,9,9,5-6,1-2,48-52,7-9,8-9,5-7,32,,2013,
Heilbronn,,Rombachstraße,14,14,7,2,70,17,16,13,35,,2013,
Heilbronn,,Roseggerstraße,14-18,14-18,6-12,1-3,80-92,14-20,20-25,18-22,37-57,,2013,
Heilbronn,,Rosenau,9,9,5-6,1-2,48-52,7-9,8-9,5-7,32,,2013,
Heilbronn,,Rosenbergstraße,9,9,5-6,1-2,48-52,7-9,8-9,5-7,32,,2013,
Heilbronn,,Rosengartstraße,9,9,5-6,1-2,48-52,7-9,8-9,5-7,32,,2013,
Heilbronn,,Rosengasse,14-18,14-18,6-12,1-3,80-92,14-20,20-25,18-22,37-57,,2013,
Heilbronn,,Rosenheimer Straße,14,14,7,2,70,17,16,13,35,,2013,
Heilbronn,,Rosenstraße,14,14,7,2,70,17,16,13,35,,2013,
Heilbronn,,Rosenweg,10,10,6-7,1-2,55-60,11-12,9-10,8-9,91-92,,2013,
Heilbronn,,Roßkampfstraße,14-18,14-18,6-12,1-3,80-92,14-20,20-25,18-22,37-57,,2013,
Heilbronn,,Rothenburger Straße,9,9,5-6,1-2,48-52,7-9,8-9,5-7,32,,2013,
Heilbronn,,Rudolf-Harbig-Straße,10,10,6-7,1-2,55-60,11-12,9-10,8-9,91-92,,2013,
Heilbronn,,Rückertstraße,14-18,14-18,6-12,1-3,80-92,14-20,20-25,18-22,37-57,,2013,
Heilbronn,,Rühlingshäuser Straße,14,14,7,2,70,17,16,13,35,,2013,
Heilbronn,,Rundstraße,14-18,14-18,6-12,1-3,80-92,14-20,20-25,18-22,37-57,,2013,
Heilbronn,,Saarbrückener Straße,14,14,7,2,70,17,16,13,35,,2013,
Heilbronn,,Saarlandstraße,14,14,7,2,70,17,16,13,35,,2013,
Heilbronn,,Sachsenäckerstraße,14,14,7,2,70,17,16,13,35,,2013,
Heilbronn,,Salzburger Straße,14,14,7,2,70,17,16,13,35,,2013,
Heilbronn,,Salzgrund,14-18,14-18,6-12,1-3,80-92,14-20,20-25,18-22,37-57,,2013,
Heilbronn,,Salzgrundstraße,14-18,14-18,6-12,1-3,80-92,14-20,20-25,18-22,37-57,,2013,
Heilbronn,,Salzstraße,14-18,14-18,6-12,1-3,80-92,14-20,20-25,18-22,37-57,,2013,
Heilbronn,,Sandbergsteige,9,9,5-6,1-2,48-52,7-9,8-9,5-7,32,,2013,
Heilbronn,,Sandgrubenweg,14,14,7,2,70,17,16,13,35,,2013,
Heilbronn,,Sandweg,9,9,5-6,1-2,48-52,7-9,8-9,5-7,32,,2013,
Heilbronn,,Sankt-Alban-Gassen,10,10,6-7,1-2,55-60,11-12,9-10,8-9,91-92,,2013,
Heilbronn,,Sankt-Martin-Straße,9,9,5-6,1-2,48-52,7-9,8-9,5-7,32,,2013,
Heilbronn,,Schäfergasse,14-18,14-18,6-12,1-3,80-92,14-20,20-25,18-22,37-57,,2013,
Heilbronn,,Schaeuffelenstraße,14-18,14-18,6-12,1-3,80-92,14-20,20-25,18-22,37-57,,2013,
Heilbronn,,Schafberg,14,14,7,2,70,17,16,13,35,,2013,
Heilbronn,,Schafhausstraße,14,14,7,2,70,17,16,13,35,,2013,
Heilbronn,,Scheidemannstraße,14,14,7,2,70,17,16,13,35,,2013,
Heilbronn,,Schellengasse,14-18,14-18,6-12,1-3,80-92,14-20,20-25,18-22,37-57,,2013,
Heilbronn,,Schellingstraße,9,9,5-6,1-2,48-52,7-9,8-9,5-7,32,,2013,
Heilbronn,,Scherweg,14-18,14-18,6-12,1-3,80-92,14-20,20-25,18-22,37-57,,2013,
Heilbronn,,Schickhardtstraße,9,9,5-6,1-2,48-52,7-9,8-9,5-7,32,,2013,
Heilbronn,,Schießhausstraße,14-18,14-18,6-12,1-3,80-92,14-20,20-25,18-22,37-57,,2013,
Heilbronn,,Schillerberg,14-18,14-18,6-12,1-3,80-92,14-20,20-25,18-22,37-57,,2013,
Heilbronn,,Schillerstraße,14-18,14-18,6-12,1-3,80-92,14-20,20-25,18-22,37-57,,2013,
Heilbronn,,Schirrmannstraße,9,9,5-6,1-2,48-52,7-9,8-9,5-7,32,,2013,
Heilbronn,,Schlachthofstraße,14-18,14-18,6-12,1-3,80-92,14-20,20-25,18-22,37-57,,2013,
Heilbronn,,Schlegelstraße,9,9,5-6,1-2,48-52,7-9,8-9,5-7,32,,2013,
Heilbronn,,Schleifhöhe,10,10,6-7,1-2,55-60,11-12,9-10,8-9,91-92,,2013,
Heilbronn,,Schleifweg,14,14,7,2,70,17,16,13,35,,2013,
Heilbronn,,Schleusenstraße,14,14,7,2,70,17,16,13,35,,2013,
Heilbronn,,Schlizstraße,9,9,5-6,1-2,48-52,7-9,8-9,5-7,32,,2013,
Heilbronn,,Schloßäckerweg,14,14,7,2,70,17,16,13,35,,2013,
Heilbronn,,Schloßgasse,14,14,7,2,70,17,16,13,35,,2013,
Heilbronn,,Schloßplatz,10,10,6-7,1-2,55-60,11-12,9-10,8-9,91-92,,2013,
Heilbronn,,Schloßstraße,10,10,6-7,1-2,55-60,11-12,9-10,8-9,91-92,,2013,
Heilbronn,,Schloßweg,14,14,7,2,70,17,16,13,35,,2013,
Heilbronn,,Schluchterner Straße,14,14,7,2,70,17,16,13,35,,2013,
Heilbronn,,Schlüsseläckerstraße,14,14,7,2,70,17,16,13,35,,2013,
Heilbronn,,Schlüsselgarnweg,9,9,5-6,1-2,48-52,7-9,8-9,5-7,32,,2013,
Heilbronn,,Schmidbergstraße,9,9,5-6,1-2,48-52,7-9,8-9,5-7,32,,2013,
Heilbronn,,Schmollerstraße,9,9,5-6,1-2,48-52,7-9,8-9,5-7,32,,2013,
Heilbronn,,Schnepfbrunnenstraße,14,14,7,2,70,17,16,13,35,,2013,
Heilbronn,,Schönbeinstraße,14-18,14-18,6-12,1-3,80-92,14-20,20-25,18-22,37-57,,2013,
Heilbronn,,Schöntaler Gasse,14-18,14-18,6-12,1-3,80-92,14-20,20-25,18-22,37-57,,2013,
Heilbronn,,Schoettlestraße,9,9,5-6,1-2,48-52,7-9,8-9,5-7,32,,2013,
Heilbronn,,Schollenhaldenstraße,14,14,7,2,70,17,16,13,35,,2013,
Heilbronn,,Schongauerstraße,14,14,7,2,70,17,16,13,35,,2013,
Heilbronn,,Schozacher Straße,9,9,5-6,1-2,48-52,7-9,8-9,5-7,32,,2013,
Heilbronn,,Schubartstraße,14-18,14-18,6-12,1-3,80-92,14-20,20-25,18-22,37-57,,2013,
Heilbronn,,Schuchmannstraße,14,14,7,2,70,17,16,13,35,,2013,
Heilbronn,,Schüblerstraße,14-18,14-18,6-12,1-3,80-92,14-20,20-25,18-22,37-57,,2013,
Heilbronn,,Schützenstraße,14-18,14-18,6-12,1-3,80-92,14-20,20-25,18-22,37-57,,2013,
Heilbronn,,Schulberg,14-18,14-18,6-12,1-3,80-92,14-20,20-25,18-22,37-57,,2013,
Heilbronn,,Schulbrunnenstraße,10,10,6-7,1-2,55-60,11-12,9-10,8-9,91-92,,2013,
Heilbronn,,Schulgasse,14-18,14-18,6-12,1-3,80-92,14-20,20-25,18-22,37-57,,2013,
Heilbronn,,Schulstraße,14,14,7,2,70,17,16,13,35,,2013,
Heilbronn,,Schultheiß-Hammer-Straße,10,10,6-7,1-2,55-60,11-12,9-10,8-9,91-92,,2013,
Heilbronn,,Schultheiß-Pfau-Straße,10,10,6-7,1-2,55-60,11-12,9-10,8-9,91-92,,2013,
Heilbronn,,Schumannstraße,10,10,6-7,1-2,55-60,11-12,9-10,8-9,91-92,,2013,
Heilbronn,,Schutzbarstraße,9,9,5-6,1-2,48-52,7-9,8-9,5-7,32,,2013,
Heilbronn,,Schwabenstraße,9,9,5-6,1-2,48-52,7-9,8-9,5-7,32,,2013,
Heilbronn,,Schwabstraße,9,9,5-6,1-2,48-52,7-9,8-9,5-7,32,,2013,
Heilbronn,,Schwaigener Straße,14,14,7,2,70,17,16,13,35,,2013,
Heilbronn,,Schwalbenweg,14,14,7,2,70,17,16,13,35,,2013,
Heilbronn,,Schweinsbergstraße,9,9,5-6,1-2,48-52,7-9,8-9,5-7,32,,2013,
Heilbronn,,Schwibbogengasse,14-18,14-18,6-12,1-3,80-92,14-20,20-25,18-22,37-57,,2013,
Heilbronn,,Schwindstraße,9,9,5-6,1-2,48-52,7-9,8-9,5-7,32,,2013,
Heilbronn,,Seeligstraße,14,14,7,2,70,17,16,13,35,,2013,
Heilbronn,,Seestraße,14,14,7,2,70,17,16,13,35,,2013,
Heilbronn,,Seewiesen,14,14,7,2,70,17,16,13,35,,2013,
Heilbronn,,Semmelweisstraße,9,9,5-6,1-2,48-52,7-9,8-9,5-7,32,,2013,
Heilbronn,,Sepp-Herberger-Straße,10,10,6-7,1-2,55-60,11-12,9-10,8-9,91-92,,2013,
Heilbronn,,Sichererstraße,14-18,14-18,6-12,1-3,80-92,14-20,20-25,18-22,37-57,,2013,
Heilbronn,,Sickingerstraße,14,14,7,2,70,17,16,13,35,,2013,
Heilbronn,,Siebenbürgenstraße,14,14,7,2,70,17,16,13,35,,2013,
Heilbronn,,Siebeneichgasse,14-18,14-18,6-12,1-3,80-92,14-20,20-25,18-22,37-57,,2013,
Heilbronn,,Siebenmorgenweg,14,14,7,2,70,17,16,13,35,,2013,
Heilbronn,,Siebennußbaumstraße,9,9,5-6,1-2,48-52,7-9,8-9,5-7,32,,2013,
Heilbronn,,Siechenhausweg,14-18,14-18,6-12,1-3,80-92,14-20,20-25,18-22,37-57,,2013,
Heilbronn,,Siedlungsstraße,14,14,7,2,70,17,16,13,35,,2013,
Heilbronn,,Siedlungsweg,14,14,7,2,70,17,16,13,35,,2013,
Heilbronn,,Siegfried-Gumbel-Straße,9,9,5-6,1-2,48-52,7-9,8-9,5-7,32,,2013,
Heilbronn,,Silcherplatz,9,9,5-6,1-2,48-52,7-9,8-9,5-7,32,,2013,
Heilbronn,,Silcherstraße,9,9,5-6,1-2,48-52,7-9,8-9,5-7,32,,2013,
Heilbronn,,Sinsheimer Straße,14,14,7,2,70,17,16,13,35,,2013,
Heilbronn,,Slubicestraße,9,9,5-6,1-2,48-52,7-9,8-9,5-7,32,,2013,
Heilbronn,,Solothurner Straße,9,9,5-6,1-2,48-52,7-9,8-9,5-7,32,,2013,
Heilbronn,,Sommerau,9,9,5-6,1-2,48-52,7-9,8-9,5-7,32,,2013,
Heilbronn,,Sommerstraße,14,14,7,2,70,17,16,13,35,,2013,
Heilbronn,,Sonnenbergstraße,14,14,7,2,70,17,16,13,35,,2013,
Heilbronn,,Sonnengasse,14-18,14-18,6-12,1-3,80-92,14-20,20-25,18-22,37-57,,2013,
Heilbronn,,Sonnenhalde,14,14,7,2,70,17,16,13,35,,2013,
Heilbronn,,Sontheimer Landwehr,9,9,5-6,1-2,48-52,7-9,8-9,5-7,32,,2013,
Heilbronn,,Sontheimer Straße,9,9,5-6,1-2,48-52,7-9,8-9,5-7,32,,2013,
Heilbronn,,Spechtweg,10,10,6-7,1-2,55-60,11-12,9-10,8-9,91-92,,2013,
Heilbronn,,Spemannstraße,9,9,5-6,1-2,48-52,7-9,8-9,5-7,32,,2013,
Heilbronn,,Sperberweg,14,14,7,2,70,17,16,13,35,,2013,
Heilbronn,,Sperlingsberg,14-18,14-18,6-12,1-3,80-92,14-20,20-25,18-22,37-57,,2013,
Heilbronn,,Sperlingsweg,14,14,7,2,70,17,16,13,35,,2013,
Heilbronn,,Spethstraße,9,9,5-6,1-2,48-52,7-9,8-9,5-7,32,,2013,
Heilbronn,,Speyerer Straße,14,14,7,2,70,17,16,13,35,,2013,
Heilbronn,,Spitzwegstraße,9,9,5-6,1-2,48-52,7-9,8-9,5-7,32,,2013,
Heilbronn,,Sporerweg,9,9,5-6,1-2,48-52,7-9,8-9,5-7,32,,2013,
Heilbronn,,Staadäckerstraße,14,14,7,2,70,17,16,13,35,,2013,
Heilbronn,,Stäffelesweg,14,14,7,2,70,17,16,13,35,,2013,
Heilbronn,,Staehlenstraße,9,9,5-6,1-2,48-52,7-9,8-9,5-7,32,,2013,
Heilbronn,,Staffelstraße,14-18,14-18,6-12,1-3,80-92,14-20,20-25,18-22,37-57,,2013,
Heilbronn,,Staffelweg,14,14,7,2,70,17,16,13,35,,2013,
Heilbronn,,Starenweg,14,14,7,2,70,17,16,13,35,,2013,
Heilbronn,,Starnberger Straße,14,14,7,2,70,17,16,13,35,,2013,
Heilbronn,,Stauchenstraße,14,14,7,2,70,17,16,13,35,,2013,
Heilbronn,,Staudingerweg,9,9,5-6,1-2,48-52,7-9,8-9,5-7,32,,2013,
Heilbronn,,Staufenberger Weg,9,9,5-6,1-2,48-52,7-9,8-9,5-7,32,,2013,
Heilbronn,,Staufenbergstraße,9,9,5-6,1-2,48-52,7-9,8-9,5-7,32,,2013,
Heilbronn,,Stedinger Straße,14,14,7,2,70,17,16,13,35,,2013,
Heilbronn,,Stefan-Zweig-Straße,14-18,14-18,6-12,1-3,80-92,14-20,20-25,18-22,37-57,,2013,
Heilbronn,,Steinäckerstraße,14,14,7,2,70,17,16,13,35,,2013,
Heilbronn,,Steinbrünnleswiesen,10,10,6-7,1-2,55-60,11-12,9-10,8-9,91-92,,2013,
Heilbronn,,Steinhaldestraße,14,14,7,2,70,17,16,13,35,,2013,
Heilbronn,,Steinstraße,9,9,5-6,1-2,48-52,7-9,8-9,5-7,32,,2013,
Heilbronn,,Steinweg,14,14,7,2,70,17,16,13,35,,2013,
Heilbronn,,Stephanstraße,9,9,5-6,1-2,48-52,7-9,8-9,5-7,32,,2013,
Heilbronn,,Sternberg,9,9,5-6,1-2,48-52,7-9,8-9,5-7,32,,2013,
Heilbronn,,Sternenfelser Straße,9,9,5-6,1-2,48-52,7-9,8-9,5-7,32,,2013,
Heilbronn,,Stettener Straße,14,14,7,2,70,17,16,13,35,,2013,
Heilbronn,,Stettenfelser Straße,9,9,5-6,1-2,48-52,7-9,8-9,5-7,32,,2013,
Heilbronn,,Stettiner Straße,14,14,7,2,70,17,16,13,35,,2013,
Heilbronn,,Steubenstraße,14-18,14-18,6-12,1-3,80-92,14-20,20-25,18-22,37-57,,2013,
Heilbronn,,Stielerstraße,14-18,14-18,6-12,1-3,80-92,14-20,20-25,18-22,37-57,,2013,
Heilbronn,,Stockgartenweg,14,14,7,2,70,17,16,13,35,,2013,
Heilbronn,,Stockheimer Straße,14,14,7,2,70,17,16,13,35,,2013,
Heilbronn,,Stockportstraße,9,9,5-6,1-2,48-52,7-9,8-9,5-7,32,,2013,
Heilbronn,,Stolzestraße,9,9,5-6,1-2,48-52,7-9,8-9,5-7,32,,2013,
Heilbronn,,Stormweg,9,9,5-6,1-2,48-52,7-9,8-9,5-7,32,,2013,
Heilbronn,,Straßburger Straße,10,10,6-7,1-2,55-60,11-12,9-10,8-9,91-92,,2013,
Heilbronn,,Stresemannstraße,14,14,7,2,70,17,16,13,35,,2013,
Heilbronn,,Strombergstraße,14,14,7,2,70,17,16,13,35,,2013,
Heilbronn,,Sturzstraße,14,14,7,2,70,17,16,13,35,,2013,
Heilbronn,,Stuttgarter Straße,9,9,5-6,1-2,48-52,7-9,8-9,5-7,32,,2013,
Heilbronn,,Sudetenstraße,14,14,7,2,70,17,16,13,35,,2013,
Heilbronn,,Südbahnhof,9,9,5-6,1-2,48-52,7-9,8-9,5-7,32,,2013,
Heilbronn,,Südstraße,9,9,5-6,1-2,48-52,7-9,8-9,5-7,32,,2013,
Heilbronn,,Sülmermühlstraße,14-18,14-18,6-12,1-3,80-92,14-20,20-25,18-22,37-57,,2013,
Heilbronn,,Sülmerstraße,14-18,14-18,6-12,1-3,80-92,14-20,20-25,18-22,37-57,,2013,
Heilbronn,,Synagogenweg,14-18,14-18,6-12,1-3,80-92,14-20,20-25,18-22,37-57,,2013,
Heilbronn,,Szillaweg,14,14,7,2,70,17,16,13,35,,2013,
Heilbronn,,Tabakstraße,14,14,7,2,70,17,16,13,35,,2013,
Heilbronn,,Talheimer Straße,14,14,7,2,70,17,16,13,35,,2013,
Heilbronn,,Talstraße,14,14,7,2,70,17,16,13,35,,2013,
Heilbronn,,Talweg,14-18,14-18,6-12,1-3,80-92,14-20,20-25,18-22,37-57,,2013,
Heilbronn,,Tannenweg,14,14,7,2,70,17,16,13,35,,2013,
Heilbronn,,Tatschenweg,10,10,6-7,1-2,55-60,11-12,9-10,8-9,91-92,,2013,
Heilbronn,,Taubenweg,10,10,6-7,1-2,55-60,11-12,9-10,8-9,91-92,,2013,
Heilbronn,,Taxisstraße,14,14,7,2,70,17,16,13,35,,2013,
Heilbronn,,Teichäckerweg,14,14,7,2,70,17,16,13,35,,2013,
Heilbronn,,Teichstraße,14,14,7,2,70,17,16,13,35,,2013,
Heilbronn,,Teutonenstraße,14,14,7,2,70,17,16,13,35,,2013,
Heilbronn,,Theodor-Heuss-Straße,14,14,7,2,70,17,16,13,35,,2013,
Heilbronn,,Theodor-Körner-Straße,10,10,6-7,1-2,55-60,11-12,9-10,8-9,91-92,,2013,
Heilbronn,,Theodor-Zimmermann-Straße,14,14,7,2,70,17,16,13,35,,2013,
Heilbronn,,Theophil-Wurm-Straße,9,9,5-6,1-2,48-52,7-9,8-9,5-7,32,,2013,
Heilbronn,,Theresienstraße,14-18,14-18,6-12,1-3,80-92,14-20,20-25,18-22,37-57,,2013,
Heilbronn,,Thomas-Mann-Straße,10,10,6-7,1-2,55-60,11-12,9-10,8-9,91-92,,2013,
Heilbronn,,Thomastraße,9,9,5-6,1-2,48-52,7-9,8-9,5-7,32,,2013,
Heilbronn,,Thomaswert,14-18,14-18,6-12,1-3,80-92,14-20,20-25,18-22,37-57,,2013,
Heilbronn,,Tilsiter Weg,14,14,7,2,70,17,16,13,35,,2013,
Heilbronn,,Tischbeinstraße,9,9,5-6,1-2,48-52,7-9,8-9,5-7,32,,2013,
Heilbronn,,Titotstraße,14-18,14-18,6-12,1-3,80-92,14-20,20-25,18-22,37-57,,2013,
Heilbronn,,Tölzer Straße,14,14,7,2,70,17,16,13,35,,2013,
Heilbronn,,Tränkgasse,14,14,7,2,70,17,16,13,35,,2013,
Heilbronn,,Trappensee,9,9,5-6,1-2,48-52,7-9,8-9,5-7,32,,2013,
Heilbronn,,Traubenstraße,9,9,5-6,1-2,48-52,7-9,8-9,5-7,32,,2013,
Heilbronn,,Traunsteiner Straße,14,14,7,2,70,17,16,13,35,,2013,
Heilbronn,,Trautenhof,14-18,14-18,6-12,1-3,80-92,14-20,20-25,18-22,37-57,,2013,
Heilbronn,,Trollingerstraße,9,9,5-6,1-2,48-52,7-9,8-9,5-7,32,,2013,
Heilbronn,,Truchseßweg,14,14,7,2,70,17,16,13,35,,2013,
Heilbronn,,Tscherningstraße,14-18,14-18,6-12,1-3,80-92,14-20,20-25,18-22,37-57,,2013,
Heilbronn,,Tulpenstraße,14,14,7,2,70,17,16,13,35,,2013,
Heilbronn,,Tulpenweg,10,10,6-7,1-2,55-60,11-12,9-10,8-9,91-92,,2013,
Heilbronn,,Turmstraße,14-18,14-18,6-12,1-3,80-92,14-20,20-25,18-22,37-57,,2013,
Heilbronn,,Turnerstraße,14,14,7,2,70,17,16,13,35,,2013,
Heilbronn,,Uhdestraße,9,9,5-6,1-2,48-52,7-9,8-9,5-7,32,,2013,
Heilbronn,,Uhlandplatz,14-18,14-18,6-12,1-3,80-92,14-20,20-25,18-22,37-57,,2013,
Heilbronn,,Uhlandstraße,14-18,14-18,6-12,1-3,80-92,14-20,20-25,18-22,37-57,,2013,
Heilbronn,,Uhlandstraße ab Nr. 25,9,9,5-6,1-2,48-52,7-9,8-9,5-7,32,,2013,
Heilbronn,,Ulmenweg,14,14,7,2,70,17,16,13,35,,2013,
Heilbronn,,Ulrich-Fischer-Weg,14,14,7,2,70,17,16,13,35,,2013,
Heilbronn,,Ulrich-Stechele-Straße,9,9,5-6,1-2,48-52,7-9,8-9,5-7,32,,2013,
Heilbronn,,Ulrichstraße,10,10,6-7,1-2,55-60,11-12,9-10,8-9,91-92,,2013,
Heilbronn,,Unter dem Bruhweg,14,14,7,2,70,17,16,13,35,,2013,
Heilbronn,,Untere Kanalstraße,14,14,7,2,70,17,16,13,35,,2013,
Heilbronn,,Untere Neckarstraße,14-18,14-18,6-12,1-3,80-92,14-20,20-25,18-22,37-57,,2013,
Heilbronn,,Unterer Hagelsberg,9,9,5-6,1-2,48-52,7-9,8-9,5-7,32,,2013,
Heilbronn,,Unterlandstraße,14-18,14-18,6-12,1-3,80-92,14-20,20-25,18-22,37-57,,2013,
Heilbronn,,Urbanstraße,9,9,5-6,1-2,48-52,7-9,8-9,5-7,32,,2013,
Heilbronn,,Veilchenweg,10,10,6-7,1-2,55-60,11-12,9-10,8-9,91-92,,2013,
Heilbronn,,Verdistraße,10,10,6-7,1-2,55-60,11-12,9-10,8-9,91-92,,2013,
Heilbronn,,Viehweide,14,14,7,2,70,17,16,13,35,,2013,
Heilbronn,,Viereckiges Stück,14,14,7,2,70,17,16,13,35,,2013,
Heilbronn,,Viktor-Scheffel-Straße,14-18,14-18,6-12,1-3,80-92,14-20,20-25,18-22,37-57,,2013,
Heilbronn,,Victoria-Wolf-Weg,9,9,5-6,1-2,48-52,7-9,8-9,5-7,32,,2013,
Heilbronn,,Villmatstraße,14-18,14-18,6-12,1-3,80-92,14-20,20-25,18-22,37-57,,2013,
Heilbronn,,Virchowstraße,9,9,5-6,1-2,48-52,7-9,8-9,5-7,32,,2013,
Heilbronn,,Vogelsangstraße,14,14,7,2,70,17,16,13,35,,2013,
Heilbronn,,Von-Klug-Straße,14-18,14-18,6-12,1-3,80-92,14-20,20-25,18-22,37-57,,2013,
Heilbronn,,Von-Witzleben-Straße,9,9,5-6,1-2,48-52,7-9,8-9,5-7,32,,2013,
Heilbronn,,Wacholderweg,14,14,7,2,70,17,16,13,35,,2013,
Heilbronn,,Wachtelweg,10,10,6-7,1-2,55-60,11-12,9-10,8-9,91-92,,2013,
Heilbronn,,Wacksstraße,14-18,14-18,6-12,1-3,80-92,14-20,20-25,18-22,37-57,,2013,
Heilbronn,,Wagenburgstraße,14,14,7,2,70,17,16,13,35,,2013,
Heilbronn,,Waiblingerstraße,9,9,5-6,1-2,48-52,7-9,8-9,5-7,32,,2013,
Heilbronn,,Walheimer Straße,9,9,5-6,1-2,48-52,7-9,8-9,5-7,32,,2013,
Heilbronn,,Wannenäckerstraße,10,10,6-7,1-2,55-60,11-12,9-10,8-9,91-92,,2013,
Heilbronn,,Wartberg,9,9,5-6,1-2,48-52,7-9,8-9,5-7,32,,2013,
Heilbronn,,Wartbergsteige,14-18,14-18,6-12,1-3,80-92,14-20,20-25,18-22,37-57,,2013,
Heilbronn,,"Wartbergsteige Nr. 88, 92, 109",9,9,5-6,1-2,48-52,7-9,8-9,5-7,32,,2013,
Heilbronn,,Wartbergstraße,14-18,14-18,6-12,1-3,80-92,14-20,20-25,18-22,37-57,,2013,
Heilbronn,,Weberstraße,14,14,7,2,70,17,16,13,35,,2013,
Heilbronn,,Weidach,9,9,5-6,1-2,48-52,7-9,8-9,5-7,32,,2013,
Heilbronn,,Weidenbäumle,14,14,7,2,70,17,16,13,35,,2013,
Heilbronn,,Weidemannsgasse,14,14,7,2,70,17,16,13,35,,2013,
Heilbronn,,Weidenweg,14,14,7,2,70,17,16,13,35,,2013,
Heilbronn,,Weigandtweg,14,14,7,2,70,17,16,13,35,,2013,
Heilbronn,,Weinbergstraße,14,14,7,2,70,17,16,13,35,,2013,
Heilbronn,,Weingartspfädle,14,14,7,2,70,17,16,13,35,,2013,
Heilbronn,,Weinsberger Straße,14-18,14-18,6-12,1-3,80-92,14-20,20-25,18-22,37-57,,2013,
Heilbronn,,Weipertstraße,14-18,14-18,6-12,1-3,80-92,14-20,20-25,18-22,37-57,,2013,
Heilbronn,,Weirachstraße,14-18,14-18,6-12,1-3,80-92,14-20,20-25,18-22,37-57,,2013,
Heilbronn,,Weißbaumstraße,14-18,14-18,6-12,1-3,80-92,14-20,20-25,18-22,37-57,,2013,
Heilbronn,,Welschstraße,14,14,7,2,70,17,16,13,35,,2013,
Heilbronn,,Wendelinstraße,10,10,6-7,1-2,55-60,11-12,9-10,8-9,91-92,,2013,
Heilbronn,,Werderstraße,9,9,5-6,1-2,48-52,7-9,8-9,5-7,32,,2013,
Heilbronn,,Wertheimer Straße,10,10,6-7,1-2,55-60,11-12,9-10,8-9,91-92,,2013,
Heilbronn,,Wertwiesen,9,9,5-6,1-2,48-52,7-9,8-9,5-7,32,,2013,
Heilbronn,,Westlicher Bretterweg,14-18,14-18,6-12,1-3,80-92,14-20,20-25,18-22,37-57,,2013,
Heilbronn,,Weststraße,14-18,14-18,6-12,1-3,80-92,14-20,20-25,18-22,37-57,,2013,
Heilbronn,,Widmannstal,14,14,7,2,70,17,16,13,35,,2013,
Heilbronn,,Widmannstraße,14,14,7,2,70,17,16,13,35,,2013,
Heilbronn,,Wielandweg,9,9,5-6,1-2,48-52,7-9,8-9,5-7,32,,2013,
Heilbronn,,Wieselweg,10,10,6-7,1-2,55-60,11-12,9-10,8-9,91-92,,2013,
Heilbronn,,Wiesenweg,14-18,14-18,6-12,1-3,80-92,14-20,20-25,18-22,37-57,,2013,
Heilbronn,,Wildecker Straße,9,9,5-6,1-2,48-52,7-9,8-9,5-7,32,,2013,
Heilbronn,,Wilhelm-Blos-Straße,9,9,5-6,1-2,48-52,7-9,8-9,5-7,32,,2013,
Heilbronn,,Wilhelm-Busch-Straße,9,9,5-6,1-2,48-52,7-9,8-9,5-7,32,,2013,
Heilbronn,,Wilhelm-Flinspach-Straße,14-18,14-18,6-12,1-3,80-92,14-20,20-25,18-22,37-57,,2013,
Heilbronn,,Wilhelm-Leuschner-Straße,14,14,7,2,70,17,16,13,35,,2013,
Heilbronn,,Wilhelmstraße,9,9,5-6,1-2,48-52,7-9,8-9,5-7,32,,2013,
Heilbronn,,Wilhelm-Schäffer-Straße,10,10,6-7,1-2,55-60,11-12,9-10,8-9,91-92,,2013,
Heilbronn,,Wimpfener Straße,10,10,6-7,1-2,55-60,11-12,9-10,8-9,91-92,,2013,
Heilbronn,,Wimpfener Weg,10,10,6-7,1-2,55-60,11-12,9-10,8-9,91-92,,2013,
Heilbronn,,Windgasse,14-18,14-18,6-12,1-3,80-92,14-20,20-25,18-22,37-57,,2013,
Heilbronn,,Winzerstraße,9,9,5-6,1-2,48-52,7-9,8-9,5-7,32,,2013,
Heilbronn,,Wittumhalde,14,14,7,2,70,17,16,13,35,,2013,
Heilbronn,,Wittumweg,10,10,6-7,1-2,55-60,11-12,9-10,8-9,91-92,,2013,
Heilbronn,,Wohlgelegen,14-18,14-18,6-12,1-3,80-92,14-20,20-25,18-22,37-57,,2013,
Heilbronn,,Wolfganggasse,14-18,14-18,6-12,1-3,80-92,14-20,20-25,18-22,37-57,,2013,
Heilbronn,,Wollhausstraße,14-18,14-18,6-12,1-3,80-92,14-20,20-25,18-22,37-57,,2013,
Heilbronn,,Wollhausstraße ab Nr. 90,9,9,5-6,1-2,48-52,7-9,8-9,5-7,32,,2013,
Heilbronn,,Wormser Straße,10,10,6-7,1-2,55-60,11-12,9-10,8-9,91-92,,2013,
Heilbronn,,Würzburger Straße,14,14,7,2,70,17,16,13,35,,2013,
Heilbronn,,Wüstenroter Straße,9,9,5-6,1-2,48-52,7-9,8-9,5-7,32,,2013,
Heilbronn,,Wunnensteinstraße,9,9,5-6,1-2,48-52,7-9,8-9,5-7,32,,2013,
Heilbronn,,Zabergäustraße,14,14,7,2,70,17,16,13,35,,2013,
Heilbronn,,Zehentgasse,14-18,14-18,6-12,1-3,80-92,14-20,20-25,18-22,37-57,,2013,
Heilbronn,,Zeisigstraße,14-18,14-18,6-12,1-3,80-92,14-20,20-25,18-22,37-57,,2013,
Heilbronn,,Zellerstraße,14,14,7,2,70,17,16,13,35,,2013,
Heilbronn,,Zeppelinstraße,9,9,5-6,1-2,48-52,7-9,8-9,5-7,32,,2013,
Heilbronn,,Ziegeleistraße,14-18,14-18,6-12,1-3,80-92,14-20,20-25,18-22,37-57,,2013,
Heilbronn,,Ziegeleistraße ab Nr. 17+20,10,10,6-7,1-2,55-60,11-12,9-10,8-9,91-92,,2013,
Heilbronn,,Ziegeleiweg,14,14,7,2,70,17,16,13,35,,2013,
Heilbronn,,Zieglerstraße,14-18,14-18,6-12,1-3,80-92,14-20,20-25,18-22,37-57,,2013,
Heilbronn,,Ziemssenstraße,14,14,7,2,70,17,16,13,35,,2013,
Heilbronn,,Zückwolfstraße,9,9,5-6,1-2,48-52,7-9,8-9,5-7,32,,2013,
Heilbronn,,Zügelstraße,9,9,5-6,1-2,48-52,7-9,8-9,5-7,32,,2013,
Heilbronn,,Zweite Hohl,14,14,7,2,70,17,16,13,35,,2013,
Heilbronn,,Zwirnereistraße,9,9,5-6,1-2,48-52,7-9,8-9,5-7,32,,2013,